// generated by gen_step4.py - do not edit
#pragma once
#include <stdint.h>

// kunjika_v3.tflite, 16808 bytes
static const unsigned char g_kws_model[16808] __attribute__((aligned(16))) = {
  0x1c, 0x00, 0x00, 0x00, 0x54, 0x46, 0x4c, 0x33, 0x14, 0x00, 0x20, 0x00, 0x1c, 0x00, 0x18, 0x00,
  0x14, 0x00, 0x10, 0x00, 0x0c, 0x00, 0x00, 0x00, 0x08, 0x00, 0x04, 0x00, 0x14, 0x00, 0x00, 0x00,
  0x1c, 0x00, 0x00, 0x00, 0x88, 0x00, 0x00, 0x00, 0xe0, 0x00, 0x00, 0x00, 0x08, 0x18, 0x00, 0x00,
  0x18, 0x18, 0x00, 0x00, 0xf8, 0x40, 0x00, 0x00, 0x03, 0x00, 0x00, 0x00, 0x01, 0x00, 0x00, 0x00,
  0x04, 0x00, 0x00, 0x00, 0x5a, 0xe7, 0xff, 0xff, 0x0c, 0x00, 0x00, 0x00, 0x1c, 0x00, 0x00, 0x00,
  0x40, 0x00, 0x00, 0x00, 0x0f, 0x00, 0x00, 0x00, 0x73, 0x65, 0x72, 0x76, 0x69, 0x6e, 0x67, 0x5f,
  0x64, 0x65, 0x66, 0x61, 0x75, 0x6c, 0x74, 0x00, 0x01, 0x00, 0x00, 0x00, 0x04, 0x00, 0x00, 0x00,
  0x94, 0xff, 0xff, 0xff, 0x1a, 0x00, 0x00, 0x00, 0x04, 0x00, 0x00, 0x00, 0x0d, 0x00, 0x00, 0x00,
  0x71, 0x75, 0x61, 0x6e, 0x74, 0x5f, 0x64, 0x65, 0x6e, 0x73, 0x65, 0x5f, 0x31, 0x00, 0x00, 0x00,
  0x01, 0x00, 0x00, 0x00, 0x04, 0x00, 0x00, 0x00, 0x7e, 0xea, 0xff, 0xff, 0x04, 0x00, 0x00, 0x00,
  0x07, 0x00, 0x00, 0x00, 0x69, 0x6e, 0x70, 0x75, 0x74, 0x5f, 0x32, 0x00, 0x02, 0x00, 0x00, 0x00,
  0x34, 0x00, 0x00, 0x00, 0x04, 0x00, 0x00, 0x00, 0xdc, 0xff, 0xff, 0xff, 0x1d, 0x00, 0x00, 0x00,
  0x04, 0x00, 0x00, 0x00, 0x13, 0x00, 0x00, 0x00, 0x43, 0x4f, 0x4e, 0x56, 0x45, 0x52, 0x53, 0x49,
  0x4f, 0x4e, 0x5f, 0x4d, 0x45, 0x54, 0x41, 0x44, 0x41, 0x54, 0x41, 0x00, 0x08, 0x00, 0x0c, 0x00,
  0x08, 0x00, 0x04, 0x00, 0x08, 0x00, 0x00, 0x00, 0x1c, 0x00, 0x00, 0x00, 0x04, 0x00, 0x00, 0x00,
  0x13, 0x00, 0x00, 0x00, 0x6d, 0x69, 0x6e, 0x5f, 0x72, 0x75, 0x6e, 0x74, 0x69, 0x6d, 0x65, 0x5f,
  0x76, 0x65, 0x72, 0x73, 0x69, 0x6f, 0x6e, 0x00, 0x1e, 0x00, 0x00, 0x00, 0x24, 0x17, 0x00, 0x00,
  0x1c, 0x17, 0x00, 0x00, 0x0c, 0x15, 0x00, 0x00, 0x74, 0x14, 0x00, 0x00, 0x6c, 0x14, 0x00, 0x00,
  0x3c, 0x13, 0x00, 0x00, 0xac, 0x12, 0x00, 0x00, 0xa4, 0x12, 0x00, 0x00, 0x94, 0x0e, 0x00, 0x00,
  0x04, 0x0e, 0x00, 0x00, 0xfc, 0x0d, 0x00, 0x00, 0xcc, 0x0c, 0x00, 0x00, 0x3c, 0x0c, 0x00, 0x00,
  0x34, 0x0c, 0x00, 0x00, 0x24, 0x08, 0x00, 0x00, 0x94, 0x07, 0x00, 0x00, 0x8c, 0x07, 0x00, 0x00,
  0x5c, 0x06, 0x00, 0x00, 0xcc, 0x05, 0x00, 0x00, 0xc4, 0x05, 0x00, 0x00, 0xb4, 0x01, 0x00, 0x00,
  0x24, 0x01, 0x00, 0x00, 0x1c, 0x01, 0x00, 0x00, 0x14, 0x01, 0x00, 0x00, 0x0c, 0x01, 0x00, 0x00,
  0xbc, 0x00, 0x00, 0x00, 0xa4, 0x00, 0x00, 0x00, 0x9c, 0x00, 0x00, 0x00, 0x7c, 0x00, 0x00, 0x00,
  0x04, 0x00, 0x00, 0x00, 0x6a, 0xeb, 0xff, 0xff, 0x04, 0x00, 0x00, 0x00, 0x68, 0x00, 0x00, 0x00,
  0x10, 0x00, 0x00, 0x00, 0x00, 0x00, 0x00, 0x00, 0x08, 0x00, 0x0e, 0x00, 0x08, 0x00, 0x04, 0x00,
  0x08, 0x00, 0x00, 0x00, 0x10, 0x00, 0x00, 0x00, 0x2c, 0x00, 0x00, 0x00, 0x00, 0x00, 0x06, 0x00,
  0x08, 0x00, 0x04, 0x00, 0x06, 0x00, 0x00, 0x00, 0x04, 0x00, 0x00, 0x00, 0x02, 0x00, 0x00, 0x00,
  0xeb, 0x03, 0x00, 0x00, 0xd0, 0x07, 0x00, 0x00, 0x0c, 0x00, 0x18, 0x00, 0x14, 0x00, 0x10, 0x00,
  0x0c, 0x00, 0x04, 0x00, 0x0c, 0x00, 0x00, 0x00, 0x6d, 0x14, 0x05, 0xc4, 0x80, 0x9d, 0x66, 0xb9,
  0x02, 0x00, 0x00, 0x00, 0x02, 0x00, 0x00, 0x00, 0x04, 0x00, 0x00, 0x00, 0x06, 0x00, 0x00, 0x00,
  0x32, 0x2e, 0x32, 0x30, 0x2e, 0x30, 0x00, 0x00, 0xde, 0xeb, 0xff, 0xff, 0x04, 0x00, 0x00, 0x00,
  0x10, 0x00, 0x00, 0x00, 0x31, 0x2e, 0x31, 0x34, 0x2e, 0x30, 0x00, 0x00, 0x00, 0x00, 0x00, 0x00,
  0x00, 0x00, 0x00, 0x00, 0x4c, 0xe9, 0xff, 0xff, 0xfe, 0xeb, 0xff, 0xff, 0x04, 0x00, 0x00, 0x00,
  0x08, 0x00, 0x00, 0x00, 0xb7, 0x02, 0x00, 0x00, 0x49, 0xfd, 0xff, 0xff, 0x12, 0xec, 0xff, 0xff,
  0x04, 0x00, 0x00, 0x00, 0x40, 0x00, 0x00, 0x00, 0x5b, 0x9a, 0x57, 0x2f, 0xe1, 0x31, 0xcd, 0x2a,
  0x41, 0xa0, 0x4d, 0xa0, 0x9d, 0x24, 0x96, 0xd4, 0x60, 0xcd, 0x3a, 0x08, 0xdc, 0xd4, 0x5f, 0xbb,
  0xa7, 0x2c, 0x30, 0x08, 0x2c, 0x60, 0x3a, 0x14, 0xe5, 0x4b, 0xcf, 0xdb, 0x6f, 0xca, 0x09, 0x81,
  0x97, 0x15, 0xab, 0x25, 0x15, 0x93, 0x2a, 0x61, 0x19, 0x5f, 0xce, 0x8b, 0x41, 0x35, 0xdd, 0x47,
  0x62, 0xb6, 0x8e, 0x8d, 0xc3, 0xe2, 0xd1, 0xc0, 0xb0, 0xe9, 0xff, 0xff, 0xb4, 0xe9, 0xff, 0xff,
  0xb8, 0xe9, 0xff, 0xff, 0x6a, 0xec, 0xff, 0xff, 0x04, 0x00, 0x00, 0x00, 0x80, 0x00, 0x00, 0x00,
  0x0e, 0x0a, 0x00, 0x00, 0x6a, 0xf5, 0xff, 0xff, 0x65, 0xfa, 0xff, 0xff, 0xb2, 0x04, 0x00, 0x00,
  0x50, 0xf7, 0xff, 0xff, 0xb6, 0x07, 0x00, 0x00, 0x5b, 0xf6, 0xff, 0xff, 0x4e, 0x07, 0x00, 0x00,
  0xf7, 0x05, 0x00, 0x00, 0xcc, 0xf8, 0xff, 0xff, 0x4e, 0xf9, 0xff, 0xff, 0x19, 0xf2, 0xff, 0xff,
  0x6d, 0xf4, 0xff, 0xff, 0x16, 0xfb, 0xff, 0xff, 0x0a, 0xf6, 0xff, 0xff, 0x60, 0xf4, 0xff, 0xff,
  0x6c, 0x04, 0x00, 0x00, 0x1a, 0xfa, 0xff, 0xff, 0xd4, 0x07, 0x00, 0x00, 0x2c, 0x06, 0x00, 0x00,
  0x87, 0xf5, 0xff, 0xff, 0xf0, 0xf2, 0xff, 0xff, 0x57, 0x05, 0x00, 0x00, 0x62, 0xf4, 0xff, 0xff,
  0x82, 0xf7, 0xff, 0xff, 0x4d, 0x09, 0x00, 0x00, 0x64, 0xff, 0xff, 0xff, 0xa1, 0x08, 0x00, 0x00,
  0xf5, 0xfa, 0xff, 0xff, 0x5a, 0x02, 0x00, 0x00, 0xa9, 0xfd, 0xff, 0xff, 0x31, 0x0a, 0x00, 0x00,
  0xf6, 0xec, 0xff, 0xff, 0x04, 0x00, 0x00, 0x00, 0x00, 0x04, 0x00, 0x00, 0xc1, 0x29, 0x4e, 0x2f,
  0xdf, 0xb0, 0x26, 0x35, 0x1d, 0xf9, 0x2b, 0xe8, 0xf6, 0xb1, 0x01, 0x3c, 0xbb, 0x0a, 0xf0, 0x60,
  0xdf, 0xbb, 0xed, 0xab, 0x9b, 0x05, 0x7f, 0xa3, 0xa2, 0xaf, 0xd4, 0x90, 0x31, 0xe5, 0xf9, 0xb1,
  0x90, 0x45, 0xc4, 0x2e, 0xd3, 0xf7, 0xd2, 0x61, 0x32, 0xdd, 0x58, 0x16, 0x0d, 0xf0, 0x16, 0xb5,
  0x51, 0x0b, 0xde, 0x23, 0x7f, 0xf3, 0xdd, 0x0b, 0x37, 0x03, 0xbf, 0x38, 0xf7, 0x1d, 0x7f, 0xfd,
  0x20, 0x02, 0x11, 0x31, 0x52, 0x4f, 0x47, 0x14, 0xdd, 0xdc, 0x2b, 0xee, 0xd9, 0x2d, 0xdc, 0x2d,
  0xde, 0x05, 0xc0, 0xb3, 0x9a, 0x3d, 0x7b, 0xc6, 0xb3, 0xc5, 0xe8, 0xee, 0xc3, 0xdc, 0x2d, 0x6a,
  0xb5, 0xd1, 0xc8, 0xe4, 0x2d, 0x1d, 0xda, 0x0e, 0x8c, 0x20, 0x0a, 0x41, 0xd5, 0x2a, 0x16, 0x77,
  0xde, 0x1a, 0xaa, 0xf2, 0x81, 0x46, 0x3e, 0xc0, 0xb2, 0x10, 0x33, 0x09, 0x3d, 0xe9, 0x0d, 0xd1,
  0xbf, 0x0c, 0xb6, 0x03, 0x02, 0x44, 0xe0, 0x64, 0x06, 0x0c, 0x10, 0x00, 0xfe, 0xfc, 0x2e, 0xd3,
  0x53, 0xf3, 0xf1, 0x1a, 0x7f, 0xc7, 0xd5, 0x21, 0x24, 0x3f, 0xe5, 0x05, 0xe2, 0x29, 0x0a, 0xf5,
  0xf3, 0xf1, 0xc8, 0x7f, 0xef, 0x5e, 0x45, 0xe9, 0xac, 0xa0, 0x38, 0xfd, 0xac, 0x5f, 0xb9, 0x3c,
  0xa6, 0xe9, 0x05, 0x8d, 0xa0, 0x42, 0x77, 0xa5, 0xbb, 0xd8, 0xec, 0xe7, 0x57, 0xf6, 0x81, 0xda,
  0x9a, 0x02, 0x0b, 0x25, 0xe6, 0x35, 0xdc, 0x2c, 0x00, 0x15, 0x49, 0xef, 0x21, 0xf6, 0x28, 0xe6,
  0x6f, 0x39, 0x51, 0xff, 0x7a, 0xfc, 0xbf, 0x08, 0x6e, 0x42, 0x91, 0x11, 0xde, 0x2e, 0x5b, 0x17,
  0xde, 0xf2, 0xec, 0x28, 0xa1, 0x60, 0x1c, 0xaf, 0x9b, 0xde, 0x31, 0x3a, 0x91, 0x50, 0xf6, 0x7f,
  0xb7, 0xb1, 0xe7, 0xb4, 0xb0, 0x49, 0x6a, 0xe2, 0x9a, 0x95, 0x9e, 0x9d, 0x20, 0xff, 0x2f, 0x07,
  0xf4, 0xc8, 0x08, 0x57, 0x59, 0x08, 0x25, 0x81, 0xa9, 0xd5, 0xd3, 0x4b, 0xa1, 0x5b, 0xaf, 0x59,
  0xb6, 0xb7, 0xf2, 0x9c, 0xd3, 0x5b, 0x73, 0xa0, 0xd9, 0xcb, 0xaa, 0xd5, 0x25, 0xdc, 0xd3, 0xed,
  0xcc, 0x37, 0xb0, 0xee, 0x1a, 0x10, 0xdd, 0x2e, 0x24, 0xf1, 0x4d, 0xe6, 0x15, 0xf1, 0x1f, 0xf9,
  0x30, 0x2a, 0x36, 0xe2, 0x7f, 0xec, 0xc2, 0x0d, 0x29, 0x2a, 0xc4, 0x17, 0x02, 0x77, 0x29, 0x78,
  0x42, 0xbc, 0x30, 0x7f, 0x6f, 0x46, 0x3f, 0x94, 0xac, 0x1d, 0xc3, 0x65, 0x99, 0x71, 0x02, 0x4e,
  0x8f, 0xf8, 0x2d, 0x87, 0xde, 0x10, 0x64, 0xae, 0xd4, 0xcc, 0x23, 0x9b, 0x43, 0xd4, 0xf0, 0xbc,
  0xf5, 0x53, 0xfd, 0x31, 0xad, 0xe3, 0xcc, 0x1d, 0x3a, 0x18, 0x37, 0xda, 0x5f, 0xf1, 0x32, 0xff,
  0x47, 0x44, 0x65, 0xae, 0x7f, 0xf7, 0xaf, 0x0f, 0x40, 0x40, 0xd2, 0xf0, 0x5b, 0xf4, 0xc7, 0xc7,
  0xdc, 0x3c, 0xe7, 0xfc, 0x0a, 0x3a, 0xe2, 0x5b, 0x10, 0x0e, 0x4d, 0xe9, 0x0e, 0xff, 0x3a, 0xc9,
  0x66, 0x3a, 0x4e, 0xcb, 0x7f, 0xda, 0xd1, 0x05, 0x4e, 0x27, 0xa0, 0x04, 0xc0, 0xd5, 0x71, 0x5e,
  0x4f, 0xd6, 0xc3, 0x1b, 0x3f, 0xdc, 0x44, 0xdc, 0x1c, 0xd3, 0x68, 0x45, 0xdb, 0x1d, 0xb3, 0xe9,
  0xe9, 0xd0, 0xee, 0xb2, 0xe4, 0x1b, 0x7f, 0xd5, 0xaf, 0xe8, 0x21, 0xe6, 0x45, 0x00, 0xf7, 0xc3,
  0xde, 0x2d, 0xb9, 0x1d, 0xe0, 0xd0, 0xea, 0x5b, 0xf1, 0xf7, 0x2f, 0xd0, 0xeb, 0x00, 0x3b, 0xc7,
  0x56, 0x1f, 0xe7, 0x2e, 0x7f, 0xfc, 0xd8, 0x11, 0x38, 0x31, 0xad, 0x24, 0x55, 0xc2, 0x06, 0xc1,
  0xce, 0x49, 0x96, 0xc2, 0x2b, 0x45, 0xde, 0x7a, 0xee, 0xe3, 0x23, 0x13, 0x33, 0xf7, 0x33, 0xcc,
  0x7f, 0x17, 0x32, 0xd8, 0x78, 0xf4, 0xb0, 0x1d, 0x54, 0x36, 0x9f, 0x13, 0xec, 0xfc, 0x7f, 0x1b,
  0xed, 0xfc, 0xd5, 0x5a, 0xd4, 0x41, 0x1e, 0xff, 0xaf, 0xeb, 0x4e, 0x60, 0x92, 0xed, 0xca, 0x4a,
  0xd9, 0xba, 0xb3, 0x04, 0xcb, 0x1e, 0x1d, 0x8b, 0x9a, 0xfd, 0xeb, 0x0e, 0x3d, 0x05, 0xde, 0xcd,
  0xef, 0x21, 0x12, 0xe7, 0xe8, 0xd6, 0x09, 0x0f, 0xff, 0xec, 0x1f, 0xed, 0xe8, 0xf7, 0x29, 0xdc,
  0x41, 0x09, 0xf9, 0xe1, 0x7f, 0x0c, 0xd5, 0x09, 0x37, 0x46, 0xba, 0x0b, 0xf2, 0xe9, 0x42, 0x21,
  0xef, 0xd8, 0xed, 0xd3, 0xed, 0x2a, 0x01, 0xe3, 0x88, 0xf8, 0x19, 0x2f, 0xbd, 0x2f, 0xbb, 0x55,
  0xcb, 0x11, 0xbd, 0xe2, 0x9d, 0x5d, 0x7f, 0xb6, 0xd8, 0xfb, 0xd3, 0xde, 0xf0, 0x3f, 0x30, 0xf2,
  0x20, 0xc8, 0xde, 0x1d, 0xbf, 0xff, 0x27, 0xbf, 0xc9, 0xc9, 0x21, 0x0e, 0xb3, 0x2f, 0xc8, 0xfc,
  0xd8, 0xde, 0xc3, 0xcf, 0xdf, 0x40, 0x7f, 0xdd, 0xd7, 0x1b, 0xc3, 0xcd, 0x51, 0x0d, 0xb4, 0xda,
  0x8b, 0x25, 0xe5, 0x13, 0x03, 0x16, 0xcf, 0x6d, 0x17, 0x22, 0x5c, 0xe2, 0x0b, 0xeb, 0x1c, 0xc9,
  0x76, 0x1e, 0xf2, 0x13, 0x7f, 0x00, 0xb4, 0x26, 0x55, 0x2e, 0xa9, 0x0f, 0x74, 0x13, 0xe0, 0xcd,
  0xdd, 0x2a, 0xf4, 0xdc, 0xb6, 0x0e, 0xd9, 0x55, 0xe4, 0xd2, 0x51, 0x0f, 0x34, 0xf8, 0x4c, 0xe8,
  0x7f, 0x34, 0x50, 0x15, 0x5d, 0xe2, 0xaf, 0x13, 0x63, 0x4b, 0xc3, 0xe2, 0xe8, 0x1d, 0x3c, 0x15,
  0x62, 0xe9, 0xb1, 0x14, 0x35, 0x43, 0x4d, 0xd3, 0x94, 0xaa, 0xf7, 0xd9, 0xd2, 0x1b, 0xca, 0x52,
  0xcf, 0xc3, 0xf3, 0xa0, 0x97, 0x6b, 0x7f, 0x94, 0xc3, 0x03, 0x2e, 0xd8, 0x29, 0xb9, 0x1c, 0xc0,
  0x98, 0x3a, 0xb9, 0x06, 0x23, 0x2e, 0xc8, 0x7e, 0x26, 0xd1, 0xf4, 0x0c, 0x4d, 0xfa, 0x3c, 0xc9,
  0x5c, 0x12, 0x04, 0x1f, 0x7f, 0xf5, 0xbd, 0x0c, 0x45, 0x3f, 0xa6, 0x22, 0x4f, 0xd4, 0xbf, 0xe6,
  0xe7, 0x18, 0xf5, 0xf6, 0x07, 0x45, 0xda, 0x05, 0x02, 0x19, 0x33, 0xdd, 0x3e, 0xfa, 0x1b, 0xde,
  0x4e, 0x1d, 0x3d, 0xd2, 0x7f, 0xe7, 0xcc, 0x10, 0x4a, 0x39, 0xc8, 0xf4, 0xb9, 0x4e, 0x1e, 0xe4,
  0xf5, 0xad, 0xd2, 0x7f, 0xc2, 0x46, 0x45, 0xb1, 0xe9, 0x99, 0xf6, 0x64, 0xc0, 0x5a, 0xc9, 0x32,
  0xe2, 0x96, 0xc8, 0xc9, 0xc7, 0x6e, 0x44, 0xda, 0xa7, 0x83, 0xb5, 0xa2, 0x17, 0x5c, 0x39, 0x25,
  0x20, 0xd7, 0x3c, 0x40, 0x39, 0xe8, 0x08, 0x8a, 0xb4, 0x81, 0x2b, 0x29, 0xb7, 0x4a, 0xd4, 0x75,
  0xd8, 0xcd, 0xed, 0xd0, 0xd7, 0x34, 0x3c, 0xc1, 0xa3, 0xee, 0x25, 0xa7, 0xec, 0x61, 0x7b, 0x20,
  0xad, 0xd3, 0x55, 0xbe, 0xab, 0x0b, 0x36, 0xc6, 0xad, 0x3e, 0xec, 0x09, 0x91, 0x4c, 0xaa, 0x2c,
  0xd5, 0xd4, 0xb5, 0x9a, 0xce, 0x64, 0x7f, 0xac, 0xa0, 0x33, 0xde, 0xbb, 0xa7, 0x31, 0x31, 0x2b,
  0x45, 0xa2, 0x0c, 0x6a, 0xce, 0x14, 0x2d, 0xe3, 0xcb, 0x21, 0x77, 0x6b, 0x85, 0x40, 0xe8, 0x7f,
  0xec, 0xc1, 0xba, 0x23, 0xa4, 0x4a, 0x50, 0xaf, 0xd5, 0x0f, 0x10, 0xe2, 0xf4, 0x13, 0x5f, 0x25,
  0xfa, 0xdf, 0x44, 0x3b, 0x25, 0xe3, 0x10, 0xe9, 0xa0, 0xd4, 0xdc, 0x36, 0xb3, 0x0a, 0xde, 0x53,
  0xd3, 0x1f, 0xb0, 0xb0, 0xa5, 0x3e, 0x7f, 0xed, 0xe3, 0xa8, 0x18, 0xa3, 0xec, 0x4a, 0x6b, 0x4f,
  0x0b, 0xfd, 0x23, 0x12, 0x03, 0x47, 0x1a, 0xe9, 0xc4, 0xf0, 0x00, 0xee, 0xb6, 0x45, 0xd1, 0x01,
  0xc4, 0xed, 0xc8, 0xc4, 0xcd, 0x30, 0x7f, 0xdd, 0xde, 0x0a, 0xd5, 0xf8, 0xd8, 0x61, 0xf0, 0x6a,
  0xe0, 0xc6, 0xbd, 0x45, 0xfc, 0x09, 0x14, 0xae, 0xe7, 0x2f, 0x41, 0x43, 0x95, 0x18, 0xc7, 0x2d,
  0xb3, 0xec, 0xd8, 0x96, 0xe4, 0x19, 0x5c, 0x81, 0xb7, 0xf4, 0xf3, 0xaf, 0x54, 0xee, 0xff, 0xff,
  0x06, 0xf1, 0xff, 0xff, 0x04, 0x00, 0x00, 0x00, 0x80, 0x00, 0x00, 0x00, 0x15, 0xfa, 0xff, 0xff,
  0x16, 0x06, 0x00, 0x00, 0xd0, 0x0a, 0x00, 0x00, 0xc1, 0xf5, 0xff, 0xff, 0x44, 0x03, 0x00, 0x00,
  0x5b, 0x0a, 0x00, 0x00, 0x0a, 0x06, 0x00, 0x00, 0x02, 0x0e, 0x00, 0x00, 0x2d, 0x03, 0x00, 0x00,
  0xe3, 0x00, 0x00, 0x00, 0xe3, 0xfd, 0xff, 0xff, 0x88, 0xf7, 0xff, 0xff, 0x66, 0xfb, 0xff, 0xff,
  0xf8, 0x04, 0x00, 0x00, 0x60, 0x0f, 0x00, 0x00, 0xf4, 0x05, 0x00, 0x00, 0x3c, 0xfd, 0xff, 0xff,
  0x6e, 0xfc, 0xff, 0xff, 0x7a, 0x00, 0x00, 0x00, 0x3c, 0xf5, 0xff, 0xff, 0x4d, 0xfb, 0xff, 0xff,
  0x36, 0x00, 0x00, 0x00, 0x61, 0x01, 0x00, 0x00, 0x3e, 0x01, 0x00, 0x00, 0x91, 0xfc, 0xff, 0xff,
  0x89, 0xf5, 0xff, 0xff, 0xc1, 0xf9, 0xff, 0xff, 0xd4, 0x04, 0x00, 0x00, 0x2d, 0x01, 0x00, 0x00,
  0x76, 0xff, 0xff, 0xff, 0xdb, 0xfe, 0xff, 0xff, 0xf5, 0x02, 0x00, 0x00, 0x92, 0xf1, 0xff, 0xff,
  0x04, 0x00, 0x00, 0x00, 0x20, 0x01, 0x00, 0x00, 0x14, 0xcc, 0xba, 0x36, 0x2e, 0xc9, 0xdc, 0xb6,
  0xce, 0xd1, 0xe9, 0x31, 0xe9, 0xfd, 0xce, 0xd6, 0xca, 0x21, 0xe2, 0x20, 0x21, 0xd2, 0xf4, 0x03,
  0x36, 0x3a, 0x33, 0x99, 0xd9, 0xec, 0x1a, 0xeb, 0x05, 0xee, 0xc7, 0x14, 0x19, 0xd2, 0xd4, 0x97,
  0xc8, 0xb6, 0xdb, 0x29, 0xf9, 0x0b, 0xcd, 0x07, 0x25, 0xd5, 0xf7, 0x3d, 0x29, 0xc0, 0x08, 0x04,
  0x2b, 0x1c, 0x20, 0xbd, 0xe7, 0x0f, 0xf8, 0xdd, 0x05, 0xdc, 0xed, 0x5e, 0xbb, 0xae, 0xf0, 0xf9,
  0xfc, 0x09, 0x2e, 0x2a, 0xee, 0x03, 0x07, 0xd3, 0xfb, 0x07, 0x39, 0x0d, 0x20, 0xc2, 0x14, 0x08,
  0x36, 0x11, 0x28, 0xd9, 0xf5, 0xca, 0x03, 0xdf, 0x2c, 0xd7, 0xe5, 0x2f, 0x10, 0xdc, 0x0c, 0x81,
  0xe8, 0x07, 0xf6, 0x33, 0x1d, 0x09, 0xa4, 0xe6, 0x27, 0x10, 0x08, 0x29, 0x20, 0x38, 0x24, 0x10,
  0x32, 0x39, 0x23, 0x11, 0x26, 0x10, 0x26, 0x1b, 0x27, 0xd4, 0xf2, 0xfe, 0xd0, 0xdf, 0x06, 0xe6,
  0x06, 0xdf, 0x12, 0x31, 0x2a, 0xc8, 0xbc, 0xf8, 0x1e, 0xe9, 0x0c, 0x1b, 0x24, 0x2f, 0x16, 0x1f,
  0x27, 0x3f, 0x22, 0x05, 0x2c, 0x1a, 0x12, 0x21, 0x24, 0xe6, 0x0b, 0x27, 0xcb, 0xc2, 0xf3, 0xfe,
  0x06, 0x0e, 0x1f, 0x2d, 0x10, 0xca, 0xc8, 0xd4, 0x0e, 0x30, 0x21, 0x23, 0x21, 0xdb, 0xfe, 0x0a,
  0x2c, 0x38, 0x21, 0x15, 0x22, 0x01, 0x25, 0x27, 0x29, 0x0d, 0xcb, 0x36, 0xf6, 0x14, 0xae, 0xeb,
  0xd4, 0x04, 0xb5, 0x2e, 0x1b, 0xe0, 0xb4, 0xf0, 0x20, 0x30, 0xc8, 0x07, 0x20, 0x2d, 0xdc, 0xe7,
  0x3b, 0x09, 0x33, 0x06, 0xe5, 0x15, 0xdf, 0xdb, 0x34, 0xeb, 0xe0, 0x06, 0xde, 0x19, 0xb9, 0xea,
  0xd6, 0xff, 0x2d, 0x38, 0x2d, 0xe9, 0xca, 0xf7, 0x2c, 0xe8, 0xc0, 0x30, 0x2b, 0x03, 0xc0, 0xbf,
  0x31, 0x17, 0x22, 0x11, 0xcd, 0x0b, 0xb9, 0xc9, 0x14, 0xc7, 0xef, 0x36, 0xe2, 0xf8, 0xc1, 0xfe,
  0x13, 0x06, 0x1f, 0x28, 0x1c, 0xab, 0xfb, 0xef, 0xd0, 0x29, 0x1c, 0x20, 0x21, 0x10, 0xcd, 0xbe,
  0x37, 0x1d, 0x23, 0x12, 0xbe, 0xb1, 0xec, 0xd5, 0x10, 0xf0, 0xff, 0xff, 0xc2, 0xf2, 0xff, 0xff,
  0x04, 0x00, 0x00, 0x00, 0x80, 0x00, 0x00, 0x00, 0xcf, 0xfe, 0xff, 0xff, 0x7a, 0x21, 0x00, 0x00,
  0xb1, 0x04, 0x00, 0x00, 0x91, 0x05, 0x00, 0x00, 0xca, 0xf4, 0xff, 0xff, 0x87, 0x18, 0x00, 0x00,
  0x71, 0x05, 0x00, 0x00, 0x6d, 0x12, 0x00, 0x00, 0xfc, 0xee, 0xff, 0xff, 0x81, 0xfc, 0xff, 0xff,
  0x5e, 0xf6, 0xff, 0xff, 0x43, 0xf9, 0xff, 0xff, 0x7f, 0x07, 0x00, 0x00, 0xcc, 0xf8, 0xff, 0xff,
  0xc9, 0xf7, 0xff, 0xff, 0xde, 0x08, 0x00, 0x00, 0x77, 0xf8, 0xff, 0xff, 0x32, 0x08, 0x00, 0x00,
  0xd2, 0x09, 0x00, 0x00, 0xb7, 0xfa, 0xff, 0xff, 0x77, 0xfc, 0xff, 0xff, 0x29, 0xf8, 0xff, 0xff,
  0xc6, 0x07, 0x00, 0x00, 0x7c, 0x0d, 0x00, 0x00, 0x99, 0xe5, 0xff, 0xff, 0xf0, 0x07, 0x00, 0x00,
  0xac, 0xf6, 0xff, 0xff, 0xb2, 0x10, 0x00, 0x00, 0x31, 0x08, 0x00, 0x00, 0xcc, 0x07, 0x00, 0x00,
  0xe6, 0xf3, 0xff, 0xff, 0xfd, 0x07, 0x00, 0x00, 0x4e, 0xf3, 0xff, 0xff, 0x04, 0x00, 0x00, 0x00,
  0x00, 0x04, 0x00, 0x00, 0x2f, 0x16, 0x09, 0x84, 0x85, 0x40, 0xa2, 0xe8, 0xf6, 0xba, 0x4b, 0x28,
  0x7f, 0x4f, 0x1e, 0x78, 0x96, 0x8f, 0x15, 0xeb, 0xd8, 0xbd, 0xdd, 0x99, 0x38, 0xf9, 0x4a, 0xf6,
  0x77, 0xd3, 0x3a, 0xc1, 0xcf, 0x91, 0x4b, 0x90, 0xb4, 0xb5, 0xf6, 0x0d, 0x1c, 0x8b, 0x81, 0xdf,
  0x06, 0xf0, 0xde, 0xb6, 0x09, 0x38, 0xad, 0xd4, 0xdc, 0xd8, 0xae, 0xb6, 0xe3, 0xc1, 0xdf, 0xac,
  0xee, 0x20, 0x54, 0xdf, 0x31, 0x2e, 0x75, 0x1d, 0xce, 0x7f, 0x17, 0x12, 0x7d, 0xba, 0x1b, 0xba,
  0x84, 0xed, 0xc3, 0x06, 0xd6, 0xe1, 0xe3, 0xc0, 0xdf, 0x5b, 0x0c, 0xfc, 0xb8, 0xb8, 0xeb, 0x58,
  0x0b, 0x3e, 0xc6, 0xb5, 0x38, 0xbf, 0x25, 0x20, 0x2f, 0x95, 0xaf, 0x05, 0x46, 0xb1, 0xa1, 0xe1,
  0x15, 0x2e, 0x29, 0x02, 0xce, 0xb2, 0xdd, 0x08, 0x52, 0xca, 0x09, 0xb8, 0xba, 0x0f, 0x29, 0x21,
  0xc9, 0x0c, 0xd2, 0x7f, 0xf2, 0xf6, 0x24, 0x88, 0x59, 0x30, 0xf2, 0x00, 0xde, 0x7f, 0xea, 0x09,
  0x39, 0xbe, 0x25, 0xd1, 0xb0, 0x1d, 0x3b, 0xf9, 0xd9, 0x32, 0x3d, 0x2d, 0x14, 0xae, 0x62, 0x26,
  0x4c, 0xf9, 0xe0, 0x25, 0xb0, 0xd3, 0xb3, 0xa5, 0x47, 0x46, 0xb0, 0x47, 0x82, 0x54, 0x14, 0x1c,
  0x8a, 0xf1, 0x1b, 0xcf, 0x4b, 0xa8, 0x04, 0x7f, 0x88, 0xaf, 0xff, 0xaa, 0x71, 0xab, 0xe2, 0xb9,
  0xef, 0xd3, 0x52, 0xe5, 0xda, 0xf8, 0x7e, 0x29, 0x47, 0x45, 0xf2, 0xc3, 0xd1, 0xd7, 0xea, 0xc4,
  0x09, 0x1c, 0x25, 0xe3, 0xaf, 0x15, 0x37, 0x04, 0x3c, 0xca, 0x11, 0xf2, 0x71, 0xc4, 0xbd, 0x81,
  0xfe, 0x94, 0x68, 0x9a, 0xbf, 0x0c, 0xab, 0xd0, 0x02, 0xc5, 0x26, 0x2d, 0xd2, 0x4b, 0xd2, 0x90,
  0x1a, 0x4b, 0x81, 0x31, 0xa4, 0x49, 0xe4, 0x15, 0xae, 0xf7, 0x87, 0x77, 0xca, 0x89, 0x75, 0x33,
  0x0f, 0x08, 0x99, 0xcf, 0xd3, 0x2c, 0x39, 0xbb, 0x12, 0xf4, 0xba, 0x3b, 0x52, 0x15, 0x0f, 0xf4,
  0x51, 0x34, 0xe8, 0xe0, 0xbe, 0xbc, 0x11, 0x3b, 0xcc, 0xd3, 0x15, 0xf9, 0x0b, 0xec, 0x31, 0x52,
  0x4f, 0xe9, 0x5d, 0x7f, 0xe8, 0xe2, 0xea, 0x06, 0xbc, 0xe4, 0x25, 0x53, 0xd4, 0x8d, 0x0d, 0xcb,
  0xfb, 0x41, 0xd8, 0x5f, 0x6a, 0x4d, 0x91, 0xde, 0x9f, 0x4f, 0xd2, 0x52, 0x33, 0xd7, 0x7f, 0xc3,
  0x8c, 0x7f, 0x1c, 0xf3, 0x37, 0x5c, 0xf6, 0xc2, 0x4d, 0x33, 0x40, 0x70, 0xf3, 0xd7, 0xb9, 0x63,
  0x7f, 0xdc, 0xb5, 0xbc, 0xed, 0xe5, 0xe5, 0xe2, 0x35, 0x11, 0xc7, 0x2c, 0x09, 0xe3, 0x2f, 0xef,
  0xa4, 0x45, 0xe1, 0xd5, 0x44, 0x2c, 0xa4, 0x0f, 0xf9, 0xd8, 0x54, 0xfc, 0x1f, 0x0b, 0x3c, 0x0d,
  0xa1, 0x45, 0xd7, 0x49, 0xce, 0x85, 0x56, 0xd5, 0xbe, 0x4a, 0xff, 0x81, 0xb3, 0xe4, 0xdd, 0x52,
  0x5f, 0x58, 0x0b, 0xfa, 0xff, 0xb2, 0x27, 0x81, 0xa3, 0x3c, 0xc2, 0x9c, 0xbb, 0xe7, 0x0a, 0xe9,
  0x56, 0x2e, 0xb2, 0x17, 0xcc, 0x40, 0x1c, 0xed, 0xeb, 0x96, 0x2a, 0x51, 0x31, 0x60, 0xa4, 0x9a,
  0xbe, 0x42, 0xd4, 0x29, 0xce, 0xca, 0xc0, 0xa4, 0x5e, 0x26, 0x3e, 0x00, 0xdd, 0x1d, 0x30, 0xd6,
  0x16, 0xc1, 0x0f, 0xde, 0x49, 0x26, 0x9a, 0x23, 0xff, 0x7f, 0x17, 0xd6, 0x6d, 0x0d, 0xd3, 0x25,
  0xde, 0xed, 0x4e, 0x48, 0x3b, 0x22, 0x04, 0x55, 0xb5, 0x01, 0x06, 0xdc, 0xf6, 0x2f, 0xd9, 0x0f,
  0x0b, 0xb6, 0x1e, 0x16, 0x38, 0x14, 0xa0, 0xdc, 0x23, 0xd3, 0xc4, 0x47, 0x7f, 0x69, 0x02, 0xe5,
  0x26, 0x33, 0xa4, 0x29, 0xe5, 0xec, 0xde, 0xa6, 0x96, 0x3b, 0x51, 0xa3, 0x42, 0x5c, 0xc2, 0x7d,
  0x25, 0x4f, 0xe0, 0xfd, 0x57, 0xa2, 0xd8, 0xbe, 0x9b, 0x5a, 0xae, 0x54, 0x0e, 0x16, 0xfb, 0xcb,
  0xa9, 0xcf, 0x02, 0x81, 0x7d, 0x50, 0xd8, 0xdc, 0xf8, 0x81, 0xa1, 0xcb, 0x27, 0x17, 0x51, 0x31,
  0x81, 0x62, 0x57, 0xb0, 0x34, 0x58, 0xf2, 0xfe, 0xdf, 0xdd, 0xbb, 0x09, 0xc2, 0xd3, 0x2c, 0x54,
  0xdf, 0x1c, 0x2d, 0x41, 0x1d, 0xd6, 0xeb, 0x17, 0xe7, 0xc3, 0xcd, 0x1b, 0x57, 0x4a, 0xe0, 0x81,
  0xdb, 0xda, 0x2a, 0x31, 0x05, 0xf0, 0x08, 0x33, 0x16, 0x06, 0xf1, 0xc4, 0xff, 0xa9, 0xb7, 0x1b,
  0xee, 0x0a, 0xcd, 0x2d, 0x1f, 0x4d, 0xa7, 0xc3, 0xb1, 0xf0, 0xdd, 0xe6, 0x33, 0xe4, 0x8f, 0xff,
  0xd3, 0xcd, 0x2b, 0xdf, 0x06, 0x99, 0x7f, 0x08, 0xbf, 0xcc, 0xe2, 0x12, 0xbd, 0xc9, 0x70, 0xe4,
  0x08, 0x46, 0x0e, 0x36, 0xf7, 0xf9, 0xd2, 0xfc, 0x48, 0x3e, 0xcc, 0x37, 0xa9, 0x30, 0x0d, 0x08,
  0xdc, 0xec, 0x37, 0xbf, 0x4c, 0x31, 0x7f, 0xc6, 0xf3, 0x05, 0x4b, 0xaa, 0x4c, 0xf5, 0xfd, 0xf5,
  0xe2, 0x25, 0xe6, 0xed, 0x2e, 0xe7, 0x37, 0xf7, 0xfa, 0x41, 0x15, 0x07, 0x44, 0x82, 0x39, 0x2b,
  0xf8, 0x85, 0xeb, 0x6a, 0x16, 0x81, 0xb2, 0xb4, 0xd6, 0x55, 0x72, 0xa0, 0xef, 0x2d, 0xc5, 0xd7,
  0x02, 0x39, 0x2d, 0x96, 0xc3, 0xb1, 0x7f, 0x30, 0x2b, 0xe4, 0x3c, 0x1a, 0xc8, 0x2d, 0xf0, 0xed,
  0x49, 0xb6, 0x4a, 0x66, 0xdc, 0x3c, 0x87, 0x0d, 0x0f, 0xda, 0x63, 0x10, 0x72, 0xe3, 0xf5, 0x3f,
  0x07, 0xc9, 0x6c, 0xee, 0x3a, 0x4c, 0x08, 0x1b, 0x2d, 0x44, 0x09, 0x01, 0xb5, 0x24, 0x81, 0xb2,
  0xf9, 0x0a, 0x17, 0x19, 0xab, 0x17, 0x89, 0x67, 0x51, 0xcb, 0x25, 0x1d, 0xc1, 0x35, 0x46, 0xcc,
  0xe1, 0x95, 0xc4, 0x8c, 0x13, 0x0e, 0x01, 0xfa, 0xe1, 0x25, 0xe0, 0x81, 0x97, 0xb4, 0x12, 0xd5,
  0x21, 0x9b, 0x0d, 0x41, 0xcb, 0xb5, 0xd3, 0xce, 0x62, 0x25, 0xc1, 0x1f, 0xc6, 0x63, 0x3a, 0xd9,
  0x18, 0x0e, 0xb9, 0xda, 0x5b, 0x40, 0xb7, 0xfa, 0xc5, 0xa2, 0x55, 0x45, 0xf9, 0xcd, 0x2a, 0x27,
  0xef, 0x5a, 0xcf, 0x34, 0xeb, 0x3f, 0x35, 0x7f, 0x08, 0x32, 0xed, 0xe5, 0xcc, 0xe0, 0xc7, 0x5f,
  0x3b, 0x11, 0x15, 0xcf, 0x0e, 0xb6, 0xdb, 0x47, 0xb1, 0x41, 0x90, 0xe8, 0xcf, 0x10, 0x2d, 0xa2,
  0xb9, 0x00, 0x44, 0x61, 0xbc, 0xd7, 0x7f, 0xff, 0xef, 0xa5, 0xd7, 0x00, 0xef, 0xda, 0xc2, 0x11,
  0xe1, 0xd7, 0x0e, 0x62, 0xd4, 0xcf, 0xd2, 0x9d, 0x70, 0x19, 0xc9, 0x08, 0x05, 0xbe, 0xc3, 0x53,
  0xe3, 0xdc, 0x31, 0xc0, 0x09, 0x22, 0x72, 0x00, 0x7f, 0x01, 0x56, 0xaa, 0x40, 0xa9, 0xeb, 0xfd,
  0x02, 0x2d, 0x11, 0x01, 0xe0, 0x38, 0x1d, 0x35, 0x2d, 0xcd, 0x21, 0x45, 0xdd, 0x0a, 0xb0, 0x24,
  0xcf, 0xca, 0xd6, 0xbc, 0x48, 0x81, 0xf5, 0x18, 0xef, 0x9f, 0x1b, 0x09, 0xef, 0xd9, 0xdb, 0xbf,
  0xeb, 0xcf, 0xf2, 0xd8, 0xce, 0xd9, 0x38, 0xe7, 0x8e, 0xbf, 0xd7, 0x7c, 0x51, 0xe7, 0xaa, 0x5b,
  0x9b, 0xa9, 0xab, 0x36, 0x63, 0x2c, 0x77, 0x94, 0xa7, 0x4a, 0xe7, 0x3d, 0x13, 0x81, 0xee, 0xdb,
  0xe7, 0x26, 0xd4, 0x6b, 0x22, 0x17, 0x99, 0xbb, 0xe9, 0xd8, 0xba, 0xaa, 0x25, 0x13, 0x42, 0x49,
  0xd9, 0xd6, 0x66, 0x09, 0x52, 0x9d, 0xe6, 0x2f, 0xf8, 0x2c, 0xb0, 0xca, 0x61, 0xd2, 0xe8, 0xd2,
  0x81, 0xcd, 0x4e, 0x41, 0x2d, 0x64, 0x19, 0x85, 0xb5, 0x03, 0xef, 0xac, 0x5c, 0x43, 0x7f, 0x23,
  0x36, 0xc1, 0xaa, 0x35, 0x57, 0x31, 0x47, 0x10, 0x0d, 0x60, 0xbc, 0x4c, 0xc8, 0xd0, 0xcb, 0x55,
  0x97, 0x08, 0x0c, 0xa0, 0x96, 0xf9, 0x49, 0x10, 0x36, 0x1a, 0x6b, 0xca, 0xdf, 0x58, 0xcb, 0xc6,
  0xff, 0x46, 0x04, 0x18, 0x39, 0x24, 0x28, 0x4f, 0x07, 0x81, 0x41, 0x8a, 0xdf, 0xb2, 0x30, 0xff,
  0xb0, 0x96, 0xc4, 0xae, 0xac, 0xf4, 0xff, 0xff, 0x5e, 0xf7, 0xff, 0xff, 0x04, 0x00, 0x00, 0x00,
  0x80, 0x00, 0x00, 0x00, 0x8b, 0x04, 0x00, 0x00, 0x75, 0xf9, 0xff, 0xff, 0x44, 0xfa, 0xff, 0xff,
  0xfa, 0xfe, 0xff, 0xff, 0x84, 0xfc, 0xff, 0xff, 0x58, 0x01, 0x00, 0x00, 0xec, 0x01, 0x00, 0x00,
  0xc3, 0xff, 0xff, 0xff, 0x84, 0x04, 0x00, 0x00, 0xbf, 0xff, 0xff, 0xff, 0x5f, 0x03, 0x00, 0x00,
  0x10, 0xfd, 0xff, 0xff, 0x0e, 0x00, 0x00, 0x00, 0x32, 0x02, 0x00, 0x00, 0x7f, 0xff, 0xff, 0xff,
  0xeb, 0x03, 0x00, 0x00, 0x02, 0x04, 0x00, 0x00, 0x76, 0x02, 0x00, 0x00, 0x75, 0x04, 0x00, 0x00,
  0x55, 0x06, 0x00, 0x00, 0xfc, 0xfe, 0xff, 0xff, 0xa3, 0xff, 0xff, 0xff, 0x6c, 0xff, 0xff, 0xff,
  0x62, 0xfe, 0xff, 0xff, 0xc3, 0xfa, 0xff, 0xff, 0xc6, 0xfb, 0xff, 0xff, 0xc4, 0xfd, 0xff, 0xff,
  0x76, 0xff, 0xff, 0xff, 0x92, 0x01, 0x00, 0x00, 0x47, 0x02, 0x00, 0x00, 0xd0, 0xfb, 0xff, 0xff,
  0x14, 0xfc, 0xff, 0xff, 0xea, 0xf7, 0xff, 0xff, 0x04, 0x00, 0x00, 0x00, 0x20, 0x01, 0x00, 0x00,
  0xdd, 0x47, 0x36, 0xb9, 0xd7, 0x56, 0x3e, 0xf9, 0x19, 0x11, 0x92, 0x0b, 0x13, 0xa5, 0xdb, 0x32,
  0xcf, 0x2a, 0xdf, 0xe3, 0x1a, 0x0d, 0x1f, 0xe1, 0x09, 0x04, 0x21, 0xc4, 0x2b, 0x21, 0x2d, 0xf9,
  0xbf, 0x33, 0x0e, 0xfc, 0x01, 0x1a, 0x0e, 0xed, 0x2c, 0xeb, 0x01, 0x6c, 0xd5, 0xfa, 0x1d, 0xee,
  0xe4, 0x14, 0xdb, 0x01, 0xda, 0xea, 0x52, 0x1f, 0x07, 0x2d, 0x30, 0x28, 0xdb, 0x9c, 0x00, 0x25,
  0x01, 0x09, 0x17, 0x0e, 0x35, 0xea, 0xf7, 0x20, 0x09, 0x50, 0xb5, 0xff, 0x1f, 0x47, 0x10, 0xd5,
  0xe7, 0x35, 0x2e, 0xfb, 0xe4, 0x23, 0xde, 0xd9, 0x48, 0xfc, 0x31, 0x06, 0x30, 0xd9, 0x0b, 0x42,
  0xce, 0x01, 0xda, 0xdc, 0x23, 0x4d, 0x06, 0x1f, 0xf6, 0x16, 0xf4, 0xd8, 0x24, 0xf7, 0xaf, 0xfc,
  0xda, 0xfb, 0xec, 0x81, 0x2e, 0x1b, 0xe6, 0xef, 0x2e, 0xef, 0xce, 0x1d, 0xde, 0x14, 0x2b, 0x38,
  0xca, 0x2a, 0xd6, 0xf4, 0xd7, 0xda, 0xea, 0x0a, 0x07, 0xb4, 0x24, 0x08, 0xf9, 0xfe, 0xea, 0xc1,
  0x24, 0xd8, 0x0a, 0x0c, 0x04, 0xcd, 0xd0, 0x08, 0xea, 0xe5, 0x10, 0x15, 0xe9, 0x14, 0xc3, 0x34,
  0x31, 0xf7, 0xf4, 0x1f, 0xdd, 0xe6, 0xa7, 0x30, 0xdd, 0xe0, 0xf9, 0x1f, 0x30, 0xf8, 0x38, 0x0d,
  0xfb, 0xbe, 0xc9, 0x2d, 0xd1, 0xe9, 0xe9, 0xe3, 0x5c, 0xf7, 0xec, 0xe2, 0x1a, 0x26, 0x02, 0xf3,
  0xe7, 0xe4, 0xf7, 0x21, 0x51, 0xc4, 0x3d, 0xfd, 0xae, 0x1d, 0x1b, 0xb9, 0xf7, 0x08, 0xd8, 0xd0,
  0xd1, 0x19, 0xb9, 0xf9, 0xe3, 0x23, 0x1f, 0x69, 0xe4, 0x56, 0x07, 0x39, 0x1a, 0xff, 0x50, 0xef,
  0xf7, 0x57, 0x38, 0x1a, 0x26, 0xf3, 0xeb, 0xe7, 0xdb, 0x04, 0xd6, 0x16, 0xea, 0xe0, 0x1a, 0xe4,
  0x0a, 0xe9, 0xee, 0xd6, 0x37, 0x22, 0x18, 0x30, 0x03, 0x25, 0x20, 0xf3, 0xae, 0xd0, 0xf0, 0xeb,
  0x21, 0xd1, 0x4f, 0x2a, 0x05, 0xee, 0xea, 0xc5, 0xda, 0x07, 0x46, 0x10, 0xd4, 0x02, 0x2e, 0x34,
  0xd6, 0xd1, 0x51, 0x02, 0x42, 0xe6, 0xdc, 0xf6, 0xf2, 0x13, 0xd4, 0xcd, 0xfc, 0x0f, 0x17, 0xd9,
  0x68, 0xf6, 0xff, 0xff, 0x1a, 0xf9, 0xff, 0xff, 0x04, 0x00, 0x00, 0x00, 0x80, 0x00, 0x00, 0x00,
  0xad, 0x09, 0x00, 0x00, 0x54, 0xfd, 0xff, 0xff, 0xf7, 0xfd, 0xff, 0xff, 0xbb, 0x0a, 0x00, 0x00,
  0x30, 0xe4, 0xff, 0xff, 0x2e, 0x03, 0x00, 0x00, 0x5a, 0x22, 0x00, 0x00, 0x12, 0x02, 0x00, 0x00,
  0x9d, 0x00, 0x00, 0x00, 0x0a, 0xf6, 0xff, 0xff, 0x2d, 0xfa, 0xff, 0xff, 0xc6, 0x14, 0x00, 0x00,
  0x3c, 0x10, 0x00, 0x00, 0x28, 0xfb, 0xff, 0xff, 0xf3, 0x06, 0x00, 0x00, 0xa8, 0xed, 0xff, 0xff,
  0x19, 0xe5, 0xff, 0xff, 0x48, 0x0e, 0x00, 0x00, 0xfa, 0x10, 0x00, 0x00, 0xbe, 0x02, 0x00, 0x00,
  0x36, 0x03, 0x00, 0x00, 0x70, 0xfc, 0xff, 0xff, 0x06, 0x01, 0x00, 0x00, 0x14, 0x0a, 0x00, 0x00,
  0x75, 0xfa, 0xff, 0xff, 0x09, 0x07, 0x00, 0x00, 0xf9, 0xf8, 0xff, 0xff, 0x40, 0xfd, 0xff, 0xff,
  0x5c, 0xfe, 0xff, 0xff, 0x2f, 0x0e, 0x00, 0x00, 0x1f, 0x0d, 0x00, 0x00, 0xbf, 0xec, 0xff, 0xff,
  0xa6, 0xf9, 0xff, 0xff, 0x04, 0x00, 0x00, 0x00, 0x00, 0x04, 0x00, 0x00, 0xfa, 0xff, 0xeb, 0x32,
  0xf7, 0xf8, 0x60, 0x46, 0x4c, 0x3b, 0x04, 0x11, 0xb3, 0x8a, 0x69, 0x26, 0x07, 0xc1, 0xc2, 0x27,
  0x26, 0x18, 0x81, 0xcd, 0xb8, 0x8b, 0xba, 0xc4, 0x4e, 0xb0, 0x37, 0xac, 0x33, 0x3d, 0xc0, 0x01,
  0xe3, 0xf2, 0x9f, 0x00, 0xb3, 0x10, 0xa4, 0xee, 0xea, 0x5f, 0x28, 0x05, 0xe7, 0x86, 0x9b, 0x7f,
  0x0f, 0x47, 0xec, 0xfa, 0x54, 0x5b, 0x3b, 0xaa, 0xd7, 0x4d, 0x23, 0xb2, 0xc0, 0xcc, 0xc1, 0x28,
  0xb6, 0xda, 0x2f, 0x07, 0xe3, 0xfd, 0x6a, 0x63, 0x31, 0xf7, 0x27, 0xe9, 0xa4, 0xea, 0x58, 0xfe,
  0x22, 0x0e, 0x47, 0xd0, 0xf4, 0x24, 0x31, 0x14, 0x7f, 0xe3, 0x1d, 0x9b, 0x45, 0xcb, 0xeb, 0x09,
  0x88, 0x4e, 0x02, 0xfb, 0x27, 0x41, 0xd2, 0x12, 0x08, 0xda, 0xe7, 0xe8, 0x3d, 0xfc, 0x29, 0xd9,
  0x49, 0xdf, 0x8f, 0xae, 0x2f, 0xa2, 0xe9, 0xb6, 0xeb, 0x1c, 0x3e, 0x81, 0x1b, 0x4e, 0x1b, 0xe4,
  0x2b, 0x31, 0xdb, 0xfa, 0x22, 0xa1, 0x53, 0xcd, 0x2c, 0x33, 0x33, 0x71, 0xe2, 0x26, 0x61, 0x5d,
  0xd7, 0x2b, 0x24, 0x55, 0x5b, 0x3c, 0x13, 0x10, 0x51, 0x9c, 0xd0, 0x7f, 0xe9, 0xe6, 0x2b, 0xf1,
  0x65, 0x12, 0xc8, 0x9a, 0x35, 0x50, 0xf5, 0xee, 0xfd, 0x25, 0x18, 0x00, 0xdd, 0x15, 0xdb, 0x92,
  0x07, 0x61, 0x1b, 0x1a, 0xaa, 0x41, 0x81, 0xc0, 0x1c, 0x16, 0x32, 0xd0, 0x36, 0xa4, 0xce, 0xc4,
  0xb7, 0xdc, 0x1e, 0x0c, 0xce, 0x42, 0x91, 0xdb, 0x4c, 0x2d, 0xef, 0xe1, 0xef, 0x81, 0xae, 0x96,
  0xed, 0x00, 0xa1, 0xc5, 0x14, 0x2d, 0xec, 0x16, 0x13, 0xb6, 0xec, 0xf3, 0xd6, 0xce, 0x16, 0xb3,
  0x36, 0x96, 0x53, 0xb8, 0x29, 0x00, 0xa5, 0xee, 0x15, 0xa5, 0xd2, 0xe2, 0x54, 0x7f, 0xda, 0x3c,
  0xec, 0x64, 0xe9, 0x7f, 0xa5, 0xa8, 0x5d, 0xd0, 0xe9, 0x1b, 0xdb, 0x74, 0x58, 0x31, 0xd9, 0x3f,
  0x11, 0xa2, 0xdd, 0xd1, 0xf7, 0x20, 0xbb, 0x18, 0x08, 0xea, 0x1e, 0xf8, 0x81, 0x45, 0x00, 0x54,
  0x22, 0x06, 0xf0, 0x3e, 0x0c, 0xe1, 0x11, 0x0a, 0xea, 0xde, 0xe9, 0x1f, 0x3c, 0x0e, 0x55, 0xc3,
  0xb9, 0x33, 0x2a, 0x33, 0xca, 0x57, 0xe4, 0x2d, 0xaa, 0x3f, 0x11, 0x81, 0xaf, 0xc3, 0x5b, 0x10,
  0x44, 0x14, 0xf9, 0xa5, 0xa7, 0x3c, 0x35, 0xc6, 0x43, 0x60, 0x69, 0xb0, 0x33, 0x15, 0x2a, 0xb7,
  0x32, 0xbd, 0x3f, 0x9d, 0x28, 0xf0, 0xa7, 0xcc, 0x09, 0xcc, 0xf2, 0x47, 0x53, 0x05, 0x97, 0x40,
  0x7f, 0x05, 0x08, 0x1f, 0x4a, 0x38, 0xe6, 0xb8, 0x70, 0xb5, 0x0d, 0x25, 0x30, 0x42, 0x4e, 0x2b,
  0xf3, 0xcb, 0x55, 0xaf, 0xfb, 0xdc, 0x33, 0xce, 0xc6, 0xa3, 0xa5, 0xcf, 0xf7, 0x50, 0x08, 0x0f,
  0xbe, 0xe8, 0x81, 0x0e, 0xae, 0x1d, 0xf5, 0xde, 0xfc, 0x23, 0xc9, 0xe1, 0xb5, 0xc4, 0x39, 0x2c,
  0xbb, 0x09, 0x35, 0x5a, 0x19, 0xbc, 0xf4, 0xf2, 0x16, 0x2d, 0x0f, 0xde, 0xf4, 0x20, 0xfb, 0xd5,
  0x2a, 0xb1, 0x81, 0x12, 0xcc, 0xed, 0xcd, 0xd7, 0xc4, 0xee, 0xef, 0xf9, 0x3e, 0x5f, 0x13, 0xd6,
  0x4f, 0xed, 0x09, 0x34, 0x4a, 0x05, 0x01, 0x3d, 0xe1, 0x23, 0x75, 0x05, 0xab, 0x18, 0xdb, 0xb9,
  0xb8, 0xcd, 0x7f, 0x8d, 0x0e, 0x1a, 0xd3, 0x43, 0x03, 0xf6, 0xd4, 0xba, 0x49, 0xeb, 0xe2, 0x7f,
  0x42, 0xcf, 0xf9, 0x97, 0x19, 0x9a, 0xb5, 0x75, 0x0a, 0x1d, 0x11, 0x25, 0x26, 0xea, 0x4a, 0x0d,
  0x48, 0xad, 0x9a, 0x41, 0xfb, 0xf2, 0x3e, 0xd9, 0xf5, 0x8c, 0x84, 0xcf, 0x32, 0x7e, 0xdb, 0x0a,
  0xcc, 0xf9, 0x86, 0x1d, 0xd7, 0x67, 0x0c, 0xbe, 0x6c, 0xf7, 0x78, 0x02, 0xf9, 0xf1, 0xd5, 0x44,
  0xbf, 0xc1, 0x7f, 0x46, 0x2e, 0x5f, 0x76, 0x9d, 0xbc, 0x6f, 0x1f, 0x07, 0x33, 0x9a, 0x3d, 0x70,
  0x71, 0xc9, 0x24, 0x3a, 0x36, 0x39, 0xda, 0x30, 0x7f, 0x2c, 0x23, 0x30, 0xc8, 0x1a, 0x7a, 0x0b,
  0xec, 0x2b, 0xc8, 0x57, 0xf8, 0xe8, 0xf0, 0xf9, 0x3a, 0x23, 0xc9, 0x36, 0x81, 0xb6, 0xc9, 0x1e,
  0x26, 0xbc, 0xf3, 0xf9, 0xd5, 0x29, 0x11, 0xb2, 0x4c, 0x19, 0x34, 0xf1, 0xdd, 0x2b, 0x36, 0xba,
  0x4c, 0x04, 0x66, 0x03, 0xfc, 0x18, 0xcc, 0xc6, 0xe1, 0xf6, 0xe8, 0xb4, 0x05, 0xd9, 0xbb, 0xb5,
  0x0c, 0xec, 0x81, 0x52, 0x49, 0xfe, 0xcd, 0xba, 0xfa, 0xc6, 0x14, 0x1c, 0x63, 0xe9, 0xdb, 0x16,
  0xc9, 0xeb, 0xc9, 0x45, 0xde, 0xff, 0x3d, 0x19, 0x0b, 0xba, 0xc7, 0x0a, 0x0a, 0xc4, 0xbd, 0x23,
  0x1b, 0x9a, 0xda, 0x24, 0x15, 0xbf, 0xfd, 0xcf, 0x81, 0xf4, 0x0a, 0xd7, 0x56, 0x38, 0xec, 0x7f,
  0x7a, 0x29, 0x2b, 0x99, 0x32, 0x4a, 0xff, 0x0b, 0xbb, 0x16, 0x26, 0x56, 0x10, 0x66, 0xed, 0x02,
  0xe5, 0x69, 0xd4, 0xb9, 0xea, 0x6c, 0x2a, 0x7f, 0x15, 0xab, 0x0a, 0x1d, 0xbf, 0x99, 0x83, 0xb2,
  0xb8, 0x59, 0x9c, 0xbe, 0x25, 0x32, 0x28, 0xe2, 0x55, 0xe5, 0x2f, 0xb4, 0xd1, 0xd3, 0x5a, 0x0f,
  0x34, 0xd5, 0x60, 0x81, 0x3e, 0x01, 0x88, 0x02, 0x13, 0xa4, 0xcd, 0x3b, 0x13, 0xf8, 0x3e, 0x5f,
  0x2a, 0x78, 0x9f, 0xfa, 0x95, 0x0a, 0x04, 0xde, 0x60, 0xda, 0x4a, 0x5e, 0xc2, 0xd6, 0x1a, 0xa0,
  0xbe, 0x32, 0x50, 0xb5, 0xa5, 0xb6, 0x3e, 0xf9, 0x1b, 0x3c, 0xcd, 0xe0, 0x8f, 0x3a, 0x98, 0x00,
  0xdf, 0xe7, 0x70, 0x6d, 0x36, 0xbc, 0xfd, 0xfd, 0x52, 0x37, 0x17, 0x7f, 0xfc, 0x47, 0x11, 0x33,
  0x4d, 0x39, 0x81, 0xb7, 0xd2, 0x2a, 0xc7, 0xd2, 0x3e, 0xce, 0x62, 0xcf, 0xd0, 0xcb, 0xed, 0xcc,
  0x31, 0x35, 0x20, 0xf8, 0xe7, 0x36, 0x4d, 0x33, 0xc0, 0x8e, 0x3f, 0xb7, 0xb4, 0xe2, 0x6e, 0xe6,
  0xf7, 0x20, 0x76, 0x7f, 0xfa, 0x0a, 0x06, 0x52, 0xf0, 0xea, 0x0e, 0xb2, 0x83, 0x07, 0xec, 0x5f,
  0xb1, 0x87, 0x1e, 0xf0, 0xef, 0x22, 0xdb, 0x02, 0xe2, 0x62, 0x2a, 0x3b, 0x19, 0xad, 0xb0, 0x09,
  0xed, 0x48, 0x89, 0x34, 0x81, 0xdd, 0xb6, 0x38, 0x74, 0x62, 0x03, 0x08, 0x16, 0xd4, 0x6b, 0xbc,
  0xcc, 0x20, 0xbd, 0xb9, 0x15, 0xcb, 0x0a, 0xf3, 0x4f, 0x2e, 0x12, 0xb7, 0x13, 0x4a, 0x3a, 0xe3,
  0x04, 0x14, 0x36, 0xe5, 0x50, 0xd6, 0xc6, 0x2b, 0x6e, 0x0a, 0xcf, 0x02, 0xe4, 0x09, 0x52, 0xcc,
  0xc7, 0x3d, 0x81, 0x66, 0x85, 0x32, 0x4d, 0x0a, 0x21, 0xe6, 0xee, 0xe0, 0xe9, 0x31, 0xc6, 0x0b,
  0xe5, 0xc9, 0xe1, 0xc2, 0xb4, 0x12, 0x53, 0x7f, 0x28, 0xdd, 0xfb, 0xe3, 0x9c, 0x3f, 0x4a, 0x2b,
  0x33, 0xd1, 0xf0, 0x0e, 0x05, 0x38, 0xe2, 0xd5, 0xf5, 0x22, 0xf9, 0x1d, 0x61, 0xc1, 0x51, 0xc3,
  0x38, 0xcc, 0xdf, 0x81, 0xd8, 0xca, 0xe4, 0x1a, 0xe4, 0xaa, 0x18, 0xf2, 0xd8, 0x40, 0x18, 0xe9,
  0x0c, 0x0c, 0xc0, 0x18, 0x39, 0x46, 0x6b, 0xf8, 0xb3, 0x67, 0x3e, 0x34, 0x81, 0xc8, 0x0e, 0x8c,
  0xf1, 0x47, 0x86, 0xe5, 0x24, 0x3f, 0xcb, 0x04, 0x16, 0x5f, 0xfc, 0x36, 0x45, 0x0d, 0xff, 0xb1,
  0x3e, 0xbb, 0xc0, 0xe2, 0x17, 0xbd, 0xfc, 0x1c, 0x22, 0x16, 0x90, 0xd1, 0xe4, 0xf5, 0x16, 0xf3,
  0x0c, 0xab, 0x00, 0x2a, 0xf6, 0xbc, 0xf3, 0x81, 0x33, 0xf2, 0x53, 0x05, 0xbf, 0xed, 0x3f, 0xc3,
  0xfa, 0xbe, 0x2d, 0xd9, 0xec, 0xe1, 0x4f, 0x32, 0x0c, 0xb2, 0xf0, 0x08, 0x0e, 0xd8, 0x13, 0x1f,
  0x4a, 0x15, 0xdd, 0x77, 0x49, 0xd5, 0xf4, 0x00, 0xe0, 0x40, 0xde, 0x34, 0x57, 0x56, 0xb0, 0x62,
  0x41, 0xe7, 0x4e, 0xfe, 0x0b, 0xe3, 0x42, 0xc4, 0x1f, 0xa4, 0xa6, 0x7f, 0x04, 0xfb, 0xff, 0xff,
  0xb6, 0xfd, 0xff, 0xff, 0x04, 0x00, 0x00, 0x00, 0x80, 0x00, 0x00, 0x00, 0xab, 0x02, 0x00, 0x00,
  0xbd, 0x04, 0x00, 0x00, 0x9b, 0x09, 0x00, 0x00, 0x52, 0x02, 0x00, 0x00, 0x6f, 0x00, 0x00, 0x00,
  0xeb, 0x03, 0x00, 0x00, 0x85, 0x01, 0x00, 0x00, 0xc0, 0xfe, 0xff, 0xff, 0xdf, 0xfe, 0xff, 0xff,
  0x01, 0xff, 0xff, 0xff, 0x23, 0xff, 0xff, 0xff, 0x1a, 0x01, 0x00, 0x00, 0x27, 0x04, 0x00, 0x00,
  0x05, 0x01, 0x00, 0x00, 0xcd, 0xff, 0xff, 0xff, 0x01, 0x02, 0x00, 0x00, 0xda, 0xff, 0xff, 0xff,
  0x99, 0x00, 0x00, 0x00, 0x10, 0x05, 0x00, 0x00, 0xab, 0x00, 0x00, 0x00, 0x75, 0x04, 0x00, 0x00,
  0xd6, 0x06, 0x00, 0x00, 0x3b, 0x00, 0x00, 0x00, 0x19, 0xf3, 0xff, 0xff, 0x9b, 0x01, 0x00, 0x00,
  0x6c, 0x02, 0x00, 0x00, 0x56, 0xff, 0xff, 0xff, 0xcf, 0x00, 0x00, 0x00, 0x45, 0x01, 0x00, 0x00,
  0xaf, 0x07, 0x00, 0x00, 0x8e, 0xff, 0xff, 0xff, 0x48, 0x00, 0x00, 0x00, 0x42, 0xfe, 0xff, 0xff,
  0x04, 0x00, 0x00, 0x00, 0x20, 0x01, 0x00, 0x00, 0xe1, 0x03, 0x31, 0xf9, 0x3a, 0xde, 0xe0, 0xfa,
  0x40, 0x08, 0x46, 0xb4, 0xc2, 0xb7, 0xd7, 0x2d, 0xde, 0xcc, 0x03, 0xa7, 0xf2, 0x32, 0xec, 0x2c,
  0x8f, 0xad, 0x20, 0x2c, 0x01, 0x9a, 0x42, 0xc9, 0x38, 0x04, 0xd7, 0x0d, 0x12, 0xb2, 0x04, 0x3c,
  0xd7, 0x1b, 0x1a, 0xe3, 0xfa, 0xff, 0xda, 0xb5, 0x01, 0x2a, 0xec, 0xde, 0x1f, 0x1a, 0xdf, 0x52,
  0xfe, 0xd7, 0x20, 0x31, 0xf5, 0x15, 0x09, 0x04, 0x1c, 0xcf, 0xdc, 0x51, 0x2d, 0xbc, 0x3f, 0xc1,
  0xda, 0xe5, 0x3c, 0x31, 0x0a, 0x55, 0x11, 0x28, 0x33, 0x17, 0x0c, 0x02, 0x3a, 0x99, 0xa4, 0xf0,
  0x2c, 0x09, 0xe4, 0x0c, 0xe0, 0x1b, 0xfc, 0x2d, 0xb6, 0xe2, 0x99, 0xe2, 0x29, 0xec, 0xf5, 0x39,
  0xb1, 0x39, 0xfa, 0x14, 0x39, 0x09, 0xef, 0xea, 0x71, 0xd2, 0x26, 0x31, 0xb7, 0x1d, 0xba, 0x40,
  0xe5, 0xfe, 0xbe, 0xc2, 0xe1, 0x81, 0x1c, 0x5b, 0x32, 0xc7, 0x02, 0xc8, 0xbc, 0x39, 0xc0, 0x4d,
  0x07, 0x4f, 0xd8, 0xf1, 0xfc, 0xfc, 0xdb, 0xc8, 0xed, 0x54, 0xd2, 0x2c, 0x03, 0x0a, 0x22, 0x2b,
  0x21, 0xe0, 0xf2, 0xb5, 0x3c, 0xfd, 0x00, 0xee, 0x1b, 0x44, 0xf4, 0x1e, 0x21, 0xf2, 0x60, 0xa7,
  0x39, 0xbf, 0xca, 0xbd, 0x34, 0x0c, 0x1e, 0x2c, 0xf3, 0xe0, 0x03, 0xf3, 0xc6, 0xdf, 0xe6, 0x50,
  0x05, 0xe7, 0x63, 0xe9, 0xce, 0xf3, 0xd6, 0xa0, 0xb4, 0xcb, 0x93, 0xb4, 0xb3, 0x1e, 0xe0, 0xed,
  0xf9, 0xbd, 0x2a, 0x4b, 0xcd, 0x15, 0x6e, 0x02, 0x01, 0xef, 0x33, 0x21, 0xa8, 0x8d, 0x2a, 0x41,
  0x34, 0x5c, 0xce, 0x33, 0xf1, 0x15, 0xcf, 0xc2, 0xcf, 0xd4, 0x01, 0x22, 0x0a, 0x32, 0xb8, 0xec,
  0x18, 0xee, 0xc9, 0x2a, 0xd9, 0xc8, 0xde, 0xbb, 0xd4, 0xd5, 0xc7, 0x32, 0x06, 0xea, 0x50, 0xcf,
  0x38, 0x16, 0xf0, 0x3c, 0x59, 0x18, 0x3a, 0x42, 0x1e, 0x2a, 0xeb, 0xb6, 0xb4, 0xf1, 0x2a, 0x04,
  0x36, 0x20, 0x05, 0xfb, 0xc2, 0xf4, 0x28, 0x31, 0xcf, 0x09, 0xb3, 0xca, 0x1d, 0xfe, 0x50, 0xeb,
  0xa4, 0x27, 0x03, 0xb7, 0xcc, 0x07, 0xcd, 0x0f, 0xc0, 0xfc, 0xff, 0xff, 0x72, 0xff, 0xff, 0xff,
  0x04, 0x00, 0x00, 0x00, 0x80, 0x00, 0x00, 0x00, 0x86, 0x15, 0x00, 0x00, 0x0e, 0xb8, 0xff, 0xff,
  0xdb, 0xb7, 0xff, 0xff, 0x68, 0xe2, 0xff, 0xff, 0xf9, 0xb2, 0xff, 0xff, 0x2a, 0xf7, 0xff, 0xff,
  0xec, 0x2f, 0x00, 0x00, 0xf2, 0x50, 0x00, 0x00, 0x3a, 0x8d, 0xff, 0xff, 0x01, 0xc8, 0xff, 0xff,
  0x0b, 0xa7, 0xff, 0xff, 0x75, 0x56, 0x00, 0x00, 0xf5, 0xcd, 0xff, 0xff, 0xa1, 0xa7, 0xff, 0xff,
  0x01, 0x30, 0x00, 0x00, 0x6c, 0xf8, 0xff, 0xff, 0x37, 0x16, 0x00, 0x00, 0x69, 0x07, 0x00, 0x00,
  0xca, 0xfd, 0xff, 0xff, 0x44, 0x15, 0x00, 0x00, 0x7a, 0xe5, 0xff, 0xff, 0x6d, 0xc1, 0xff, 0xff,
  0x56, 0x69, 0x00, 0x00, 0x11, 0xcd, 0xff, 0xff, 0xa3, 0xfe, 0xff, 0xff, 0x55, 0x2a, 0x00, 0x00,
  0xd6, 0x01, 0x00, 0x00, 0x24, 0xf8, 0xff, 0xff, 0xd7, 0xc8, 0xff, 0xff, 0xfe, 0x2f, 0x00, 0x00,
  0xf8, 0xba, 0xff, 0xff, 0xc1, 0x53, 0x00, 0x00, 0x00, 0x00, 0x06, 0x00, 0x08, 0x00, 0x04, 0x00,
  0x06, 0x00, 0x00, 0x00, 0x04, 0x00, 0x00, 0x00, 0x00, 0x02, 0x00, 0x00, 0x48, 0xc9, 0xa1, 0x6f,
  0x29, 0x1b, 0xad, 0x7f, 0x27, 0xd7, 0xfa, 0x40, 0xb6, 0xfb, 0xa0, 0x50, 0x46, 0x81, 0xa2, 0xcc,
  0x32, 0x8f, 0x95, 0xdf, 0x40, 0x0e, 0x86, 0xe9, 0x75, 0xce, 0xd4, 0xca, 0x08, 0xfe, 0x81, 0xca,
  0xbd, 0x2b, 0xc9, 0xa3, 0x90, 0xdc, 0xdc, 0x3e, 0x2a, 0xe2, 0xa9, 0x39, 0xff, 0xeb, 0xb3, 0xbb,
  0xda, 0xaf, 0xf3, 0xf8, 0x81, 0x23, 0xdf, 0x36, 0x1f, 0xc5, 0x3f, 0x6e, 0xd4, 0xc7, 0xda, 0xdf,
  0xf7, 0xc2, 0xe5, 0xea, 0x81, 0xa1, 0xed, 0xde, 0xc3, 0xf0, 0xd6, 0xf0, 0xd0, 0xfd, 0xa0, 0x92,
  0xf7, 0x3c, 0xe6, 0xb9, 0x37, 0xeb, 0xe9, 0x24, 0xfc, 0x10, 0x7f, 0xfc, 0x43, 0xeb, 0x47, 0x17,
  0x02, 0xfd, 0x57, 0xd4, 0xd8, 0x18, 0x78, 0xf2, 0xde, 0x18, 0x7f, 0xd1, 0x4a, 0xe6, 0x0d, 0xe3,
  0x5b, 0x30, 0x3e, 0x1e, 0x7f, 0x1e, 0x5a, 0xd5, 0x77, 0x04, 0x45, 0xdc, 0xcc, 0xb3, 0x91, 0x98,
  0xa5, 0xa9, 0x03, 0x10, 0xb6, 0xe4, 0xb2, 0x83, 0x3a, 0x81, 0xf5, 0xd6, 0x02, 0x01, 0xe5, 0x13,
  0xaa, 0xa2, 0xcf, 0x49, 0xae, 0x04, 0xdd, 0xd2, 0x03, 0x81, 0xdb, 0x07, 0xc4, 0x1e, 0x0c, 0xf6,
  0x0e, 0x8d, 0xcc, 0xe8, 0xc8, 0x81, 0xf4, 0xad, 0xb2, 0xc5, 0xc3, 0xe0, 0x0a, 0x96, 0xfe, 0x0e,
  0x3c, 0xd8, 0xfa, 0xe9, 0x30, 0x3e, 0x6d, 0xcf, 0x6d, 0x7f, 0x7e, 0x2d, 0x38, 0x17, 0xd8, 0x9c,
  0x0d, 0xe7, 0x81, 0x82, 0xb6, 0x13, 0xf6, 0xd7, 0xe4, 0xba, 0x0c, 0x18, 0x94, 0xdb, 0xdd, 0xaf,
  0x81, 0x37, 0xe0, 0x05, 0xa2, 0x1e, 0xee, 0x10, 0xd0, 0xc1, 0x97, 0xca, 0x20, 0xef, 0x89, 0x54,
  0x26, 0x50, 0xa9, 0x7f, 0x47, 0x03, 0xf2, 0x5e, 0xf6, 0xb9, 0xe9, 0x5e, 0x4a, 0xc3, 0xff, 0x81,
  0x28, 0xff, 0xfb, 0x15, 0x1c, 0x1f, 0xca, 0xcd, 0x4d, 0x2c, 0xd3, 0xe5, 0x4e, 0x6e, 0x1f, 0x94,
  0x76, 0x66, 0xeb, 0xc9, 0x39, 0x69, 0xca, 0xae, 0x28, 0x26, 0xd8, 0x81, 0xd4, 0x08, 0xd6, 0xe4,
  0xc7, 0x3d, 0xf3, 0x01, 0xfb, 0x30, 0x15, 0xf1, 0xeb, 0x7f, 0x25, 0xfe, 0xf4, 0xc4, 0xca, 0x7f,
  0xbe, 0xcf, 0x1a, 0x2f, 0xd5, 0xf5, 0xcc, 0x6e, 0xee, 0x90, 0x36, 0x2a, 0x0b, 0x33, 0x16, 0x7f,
  0xd6, 0x17, 0xf0, 0x3a, 0xe4, 0x19, 0xe0, 0x28, 0xd4, 0xd4, 0xef, 0xfc, 0x81, 0x94, 0xe3, 0xf2,
  0xb8, 0xe1, 0x3c, 0xfb, 0x07, 0xe5, 0x10, 0x4c, 0x1b, 0xdf, 0xe7, 0x23, 0xf1, 0xc5, 0x42, 0x04,
  0xb1, 0xaa, 0x1d, 0xfc, 0xaa, 0x8b, 0xe6, 0x57, 0x81, 0xc3, 0xe7, 0x12, 0x1d, 0xe3, 0x42, 0x44,
  0x60, 0x38, 0x7f, 0x1d, 0x2b, 0x41, 0x39, 0x32, 0x54, 0x31, 0x13, 0xe8, 0xe7, 0xe9, 0xd0, 0x1d,
  0xa9, 0xe8, 0x24, 0xf2, 0x81, 0xde, 0x16, 0xde, 0xde, 0xfc, 0x15, 0xcb, 0xfb, 0xab, 0x05, 0x3e,
  0x94, 0xc7, 0x02, 0x4b, 0xed, 0xf4, 0x9e, 0x7f, 0xe8, 0x25, 0xc0, 0x58, 0xe5, 0x72, 0x7f, 0x02,
  0xf7, 0x78, 0x76, 0xab, 0xf5, 0x10, 0x6d, 0xa5, 0x9e, 0xf8, 0x61, 0xd4, 0x58, 0x6a, 0xd4, 0x30,
  0x7f, 0x0a, 0xbb, 0xec, 0x12, 0xfc, 0xda, 0xe3, 0xf6, 0xdd, 0xd7, 0xbb, 0x5d, 0x6a, 0x30, 0x02,
  0xe5, 0xf0, 0x27, 0xc3, 0xc3, 0xad, 0xc1, 0xc5, 0x81, 0xb6, 0x4d, 0x3d, 0x01, 0x8c, 0x12, 0xee,
  0xd5, 0x81, 0x19, 0x39, 0xbc, 0xc8, 0xc8, 0x1a, 0xf0, 0xdc, 0xd5, 0x3a, 0x81, 0x16, 0xed, 0xcf,
  0x0f, 0xee, 0x32, 0xff, 0xe8, 0x3e, 0x2f, 0x50, 0x05, 0x31, 0x4a, 0x44, 0xb0, 0x81, 0xce, 0xd1,
  0x22, 0xd2, 0xd9, 0x22, 0xe4, 0xae, 0xbc, 0xff, 0x1c, 0xf3, 0x0c, 0xd0, 0x16, 0x0a, 0x1a, 0xe4,
  0x19, 0x29, 0x27, 0x26, 0xf1, 0x1b, 0x37, 0x3f, 0xbf, 0x2b, 0x0f, 0x7f, 0x64, 0xff, 0xff, 0xff,
  0x68, 0xff, 0xff, 0xff, 0x0f, 0x00, 0x00, 0x00, 0x4d, 0x4c, 0x49, 0x52, 0x20, 0x43, 0x6f, 0x6e,
  0x76, 0x65, 0x72, 0x74, 0x65, 0x64, 0x2e, 0x00, 0x01, 0x00, 0x00, 0x00, 0x14, 0x00, 0x00, 0x00,
  0x00, 0x00, 0x0e, 0x00, 0x18, 0x00, 0x14, 0x00, 0x10, 0x00, 0x0c, 0x00, 0x08, 0x00, 0x04, 0x00,
  0x0e, 0x00, 0x00, 0x00, 0x14, 0x00, 0x00, 0x00, 0x1c, 0x00, 0x00, 0x00, 0x10, 0x03, 0x00, 0x00,
  0x14, 0x03, 0x00, 0x00, 0x18, 0x03, 0x00, 0x00, 0x04, 0x00, 0x00, 0x00, 0x6d, 0x61, 0x69, 0x6e,
  0x00, 0x00, 0x00, 0x00, 0x0a, 0x00, 0x00, 0x00, 0xa8, 0x02, 0x00, 0x00, 0x40, 0x02, 0x00, 0x00,
  0xe4, 0x01, 0x00, 0x00, 0x9c, 0x01, 0x00, 0x00, 0x4c, 0x01, 0x00, 0x00, 0x04, 0x01, 0x00, 0x00,
  0xc4, 0x00, 0x00, 0x00, 0x70, 0x00, 0x00, 0x00, 0x4c, 0x00, 0x00, 0x00, 0x04, 0x00, 0x00, 0x00,
  0x8e, 0xfe, 0xff, 0xff, 0x18, 0x00, 0x00, 0x00, 0x00, 0x00, 0x00, 0x08, 0x14, 0x00, 0x00, 0x00,
  0x18, 0x00, 0x00, 0x00, 0x04, 0x00, 0x00, 0x00, 0x04, 0x00, 0x04, 0x00, 0x04, 0x00, 0x00, 0x00,
  0x01, 0x00, 0x00, 0x00, 0x1a, 0x00, 0x00, 0x00, 0x03, 0x00, 0x00, 0x00, 0x17, 0x00, 0x00, 0x00,
  0x18, 0x00, 0x00, 0x00, 0x19, 0x00, 0x00, 0x00, 0x00, 0x00, 0x0a, 0x00, 0x10, 0x00, 0x0c, 0x00,
  0x08, 0x00, 0x04, 0x00, 0x0a, 0x00, 0x00, 0x00, 0x0c, 0x00, 0x00, 0x00, 0x10, 0x00, 0x00, 0x00,
  0x03, 0x00, 0x00, 0x00, 0x01, 0x00, 0x00, 0x00, 0x17, 0x00, 0x00, 0x00, 0x01, 0x00, 0x00, 0x00,
  0x16, 0x00, 0x00, 0x00, 0x56, 0xfe, 0xff, 0xff, 0x24, 0x00, 0x00, 0x00, 0x00, 0x00, 0x00, 0x05,
  0x34, 0x00, 0x00, 0x00, 0x38, 0x00, 0x00, 0x00, 0x02, 0x00, 0x00, 0x00, 0x00, 0x00, 0x0e, 0x00,
  0x18, 0x00, 0x17, 0x00, 0x10, 0x00, 0x0c, 0x00, 0x08, 0x00, 0x04, 0x00, 0x0e, 0x00, 0x00, 0x00,
  0x0c, 0x00, 0x00, 0x00, 0x0a, 0x00, 0x00, 0x00, 0x0c, 0x00, 0x00, 0x00, 0x0a, 0x00, 0x00, 0x00,
  0x00, 0x00, 0x00, 0x01, 0x01, 0x00, 0x00, 0x00, 0x16, 0x00, 0x00, 0x00, 0x01, 0x00, 0x00, 0x00,
  0x15, 0x00, 0x00, 0x00, 0x42, 0xfe, 0xff, 0xff, 0x10, 0x00, 0x00, 0x00, 0x00, 0x00, 0x00, 0x01,
  0x18, 0x00, 0x00, 0x00, 0x1c, 0x00, 0x00, 0x00, 0xf0, 0xfe, 0xff, 0xff, 0x00, 0x00, 0x00, 0x01,
  0x01, 0x00, 0x00, 0x00, 0x01, 0x00, 0x00, 0x00, 0x01, 0x00, 0x00, 0x00, 0x15, 0x00, 0x00, 0x00,
  0x03, 0x00, 0x00, 0x00, 0x12, 0x00, 0x00, 0x00, 0x13, 0x00, 0x00, 0x00, 0x14, 0x00, 0x00, 0x00,
  0x7e, 0xff, 0xff, 0xff, 0x14, 0x00, 0x00, 0x00, 0x00, 0x00, 0x00, 0x02, 0x20, 0x00, 0x00, 0x00,
  0x24, 0x00, 0x00, 0x00, 0x01, 0x00, 0x00, 0x00, 0xd2, 0xfe, 0xff, 0xff, 0x00, 0x00, 0x00, 0x01,
  0x01, 0x00, 0x00, 0x00, 0x01, 0x00, 0x00, 0x00, 0x01, 0x00, 0x00, 0x00, 0x01, 0x00, 0x00, 0x00,
  0x12, 0x00, 0x00, 0x00, 0x03, 0x00, 0x00, 0x00, 0x0f, 0x00, 0x00, 0x00, 0x10, 0x00, 0x00, 0x00,
  0x11, 0x00, 0x00, 0x00, 0xc2, 0xfe, 0xff, 0xff, 0x10, 0x00, 0x00, 0x00, 0x00, 0x00, 0x00, 0x01,
  0x18, 0x00, 0x00, 0x00, 0x1c, 0x00, 0x00, 0x00, 0x70, 0xff, 0xff, 0xff, 0x00, 0x00, 0x00, 0x01,
  0x01, 0x00, 0x00, 0x00, 0x01, 0x00, 0x00, 0x00, 0x01, 0x00, 0x00, 0x00, 0x0f, 0x00, 0x00, 0x00,
  0x03, 0x00, 0x00, 0x00, 0x0c, 0x00, 0x00, 0x00, 0x0d, 0x00, 0x00, 0x00, 0x0e, 0x00, 0x00, 0x00,
  0x00, 0x00, 0x0e, 0x00, 0x18, 0x00, 0x14, 0x00, 0x10, 0x00, 0x0c, 0x00, 0x0b, 0x00, 0x04, 0x00,
  0x0e, 0x00, 0x00, 0x00, 0x14, 0x00, 0x00, 0x00, 0x00, 0x00, 0x00, 0x02, 0x20, 0x00, 0x00, 0x00,
  0x24, 0x00, 0x00, 0x00, 0x01, 0x00, 0x00, 0x00, 0x62, 0xff, 0xff, 0xff, 0x00, 0x00, 0x00, 0x01,
  0x01, 0x00, 0x00, 0x00, 0x01, 0x00, 0x00, 0x00, 0x01, 0x00, 0x00, 0x00, 0x01, 0x00, 0x00, 0x00,
  0x0c, 0x00, 0x00, 0x00, 0x03, 0x00, 0x00, 0x00, 0x09, 0x00, 0x00, 0x00, 0x0a, 0x00, 0x00, 0x00,
  0x0b, 0x00, 0x00, 0x00, 0x52, 0xff, 0xff, 0xff, 0x1c, 0x00, 0x00, 0x00, 0x00, 0x00, 0x00, 0x01,
  0x24, 0x00, 0x00, 0x00, 0x28, 0x00, 0x00, 0x00, 0x0c, 0x00, 0x10, 0x00, 0x00, 0x00, 0x0c, 0x00,
  0x08, 0x00, 0x07, 0x00, 0x0c, 0x00, 0x00, 0x00, 0x00, 0x00, 0x00, 0x01, 0x01, 0x00, 0x00, 0x00,
  0x01, 0x00, 0x00, 0x00, 0x01, 0x00, 0x00, 0x00, 0x09, 0x00, 0x00, 0x00, 0x03, 0x00, 0x00, 0x00,
  0x06, 0x00, 0x00, 0x00, 0x07, 0x00, 0x00, 0x00, 0x08, 0x00, 0x00, 0x00, 0x00, 0x00, 0x0e, 0x00,
  0x1a, 0x00, 0x14, 0x00, 0x10, 0x00, 0x0c, 0x00, 0x0b, 0x00, 0x04, 0x00, 0x0e, 0x00, 0x00, 0x00,
  0x24, 0x00, 0x00, 0x00, 0x00, 0x00, 0x00, 0x02, 0x30, 0x00, 0x00, 0x00, 0x34, 0x00, 0x00, 0x00,
  0x01, 0x00, 0x00, 0x00, 0x00, 0x00, 0x0e, 0x00, 0x14, 0x00, 0x00, 0x00, 0x10, 0x00, 0x0c, 0x00,
  0x08, 0x00, 0x07, 0x00, 0x0e, 0x00, 0x00, 0x00, 0x00, 0x00, 0x00, 0x01, 0x01, 0x00, 0x00, 0x00,
  0x01, 0x00, 0x00, 0x00, 0x01, 0x00, 0x00, 0x00, 0x01, 0x00, 0x00, 0x00, 0x06, 0x00, 0x00, 0x00,
  0x03, 0x00, 0x00, 0x00, 0x03, 0x00, 0x00, 0x00, 0x04, 0x00, 0x00, 0x00, 0x05, 0x00, 0x00, 0x00,
  0x00, 0x00, 0x0e, 0x00, 0x14, 0x00, 0x00, 0x00, 0x10, 0x00, 0x0c, 0x00, 0x0b, 0x00, 0x04, 0x00,
  0x0e, 0x00, 0x00, 0x00, 0x1c, 0x00, 0x00, 0x00, 0x00, 0x00, 0x00, 0x01, 0x28, 0x00, 0x00, 0x00,
  0x2c, 0x00, 0x00, 0x00, 0x0c, 0x00, 0x14, 0x00, 0x13, 0x00, 0x0c, 0x00, 0x08, 0x00, 0x07, 0x00,
  0x0c, 0x00, 0x00, 0x00, 0x00, 0x00, 0x00, 0x01, 0x04, 0x00, 0x00, 0x00, 0x04, 0x00, 0x00, 0x00,
  0x00, 0x00, 0x00, 0x01, 0x01, 0x00, 0x00, 0x00, 0x03, 0x00, 0x00, 0x00, 0x03, 0x00, 0x00, 0x00,
  0x00, 0x00, 0x00, 0x00, 0x01, 0x00, 0x00, 0x00, 0x02, 0x00, 0x00, 0x00, 0x01, 0x00, 0x00, 0x00,
  0x1a, 0x00, 0x00, 0x00, 0x01, 0x00, 0x00, 0x00, 0x00, 0x00, 0x00, 0x00, 0x1b, 0x00, 0x00, 0x00,
  0x20, 0x25, 0x00, 0x00, 0xd0, 0x22, 0x00, 0x00, 0xfc, 0x20, 0x00, 0x00, 0x30, 0x20, 0x00, 0x00,
  0xcc, 0x1d, 0x00, 0x00, 0xe0, 0x1b, 0x00, 0x00, 0x0c, 0x1b, 0x00, 0x00, 0xd8, 0x18, 0x00, 0x00,
  0x04, 0x17, 0x00, 0x00, 0x38, 0x16, 0x00, 0x00, 0xe8, 0x13, 0x00, 0x00, 0x10, 0x12, 0x00, 0x00,
  0x34, 0x11, 0x00, 0x00, 0x00, 0x0f, 0x00, 0x00, 0x2c, 0x0d, 0x00, 0x00, 0x60, 0x0c, 0x00, 0x00,
  0x10, 0x0a, 0x00, 0x00, 0x38, 0x08, 0x00, 0x00, 0x5c, 0x07, 0x00, 0x00, 0x28, 0x05, 0x00, 0x00,
  0x54, 0x03, 0x00, 0x00, 0x88, 0x02, 0x00, 0x00, 0x04, 0x02, 0x00, 0x00, 0x80, 0x01, 0x00, 0x00,
  0xd4, 0x00, 0x00, 0x00, 0x70, 0x00, 0x00, 0x00, 0x04, 0x00, 0x00, 0x00, 0x62, 0xdb, 0xff, 0xff,
  0x00, 0x00, 0x00, 0x01, 0x14, 0x00, 0x00, 0x00, 0x30, 0x00, 0x00, 0x00, 0x1b, 0x00, 0x00, 0x00,
  0x00, 0x00, 0x00, 0x09, 0x44, 0x00, 0x00, 0x00, 0x4c, 0xdb, 0xff, 0xff, 0x08, 0x00, 0x00, 0x00,
  0x10, 0x00, 0x00, 0x00, 0x01, 0x00, 0x00, 0x00, 0x08, 0x00, 0x00, 0x00, 0x00, 0x00, 0x00, 0x00,
  0x01, 0x00, 0x00, 0x00, 0x10, 0x01, 0x5f, 0x3d, 0x19, 0x00, 0x00, 0x00, 0x53, 0x74, 0x61, 0x74,
  0x65, 0x66, 0x75, 0x6c, 0x50, 0x61, 0x72, 0x74, 0x69, 0x74, 0x69, 0x6f, 0x6e, 0x65, 0x64, 0x43,
  0x61, 0x6c, 0x6c, 0x3a, 0x30, 0x00, 0x00, 0x00, 0x02, 0x00, 0x00, 0x00, 0x01, 0x00, 0x00, 0x00,
  0x02, 0x00, 0x00, 0x00, 0xca, 0xdb, 0xff, 0xff, 0x00, 0x00, 0x00, 0x01, 0x14, 0x00, 0x00, 0x00,
  0x34, 0x00, 0x00, 0x00, 0x1a, 0x00, 0x00, 0x00, 0x00, 0x00, 0x00, 0x02, 0x40, 0x00, 0x00, 0x00,
  0xb4, 0xdb, 0xff, 0xff, 0x08, 0x00, 0x00, 0x00, 0x14, 0x00, 0x00, 0x00, 0x01, 0x00, 0x00, 0x00,
  0x00, 0x00, 0x00, 0x00, 0x00, 0x00, 0x00, 0x00, 0x00, 0x00, 0x00, 0x00, 0x01, 0x00, 0x00, 0x00,
  0xab, 0x20, 0xee, 0x38, 0x12, 0x00, 0x00, 0x00, 0x74, 0x66, 0x6c, 0x2e, 0x70, 0x73, 0x65, 0x75,
  0x64, 0x6f, 0x5f, 0x71, 0x63, 0x6f, 0x6e, 0x73, 0x74, 0x37, 0x00, 0x00, 0x01, 0x00, 0x00, 0x00,
  0x02, 0x00, 0x00, 0x00, 0x2a, 0xdc, 0xff, 0xff, 0x00, 0x00, 0x00, 0x01, 0x14, 0x00, 0x00, 0x00,
  0x30, 0x00, 0x00, 0x00, 0x19, 0x00, 0x00, 0x00, 0x00, 0x00, 0x00, 0x09, 0x84, 0x00, 0x00, 0x00,
  0x14, 0xdc, 0xff, 0xff, 0x08, 0x00, 0x00, 0x00, 0x10, 0x00, 0x00, 0x00, 0x01, 0x00, 0x00, 0x00,
  0x00, 0x00, 0x00, 0x00, 0x00, 0x00, 0x00, 0x00, 0x01, 0x00, 0x00, 0x00, 0xaf, 0xd4, 0x9c, 0x3b,
  0x59, 0x00, 0x00, 0x00, 0x6d, 0x6f, 0x64, 0x65, 0x6c, 0x5f, 0x31, 0x2f, 0x71, 0x75, 0x61, 0x6e,
  0x74, 0x5f, 0x64, 0x65, 0x6e, 0x73, 0x65, 0x5f, 0x31, 0x2f, 0x4d, 0x61, 0x74, 0x4d, 0x75, 0x6c,
  0x3b, 0x6d, 0x6f, 0x64, 0x65, 0x6c, 0x5f, 0x31, 0x2f, 0x71, 0x75, 0x61, 0x6e, 0x74, 0x5f, 0x64,
  0x65, 0x6e, 0x73, 0x65, 0x5f, 0x31, 0x2f, 0x4c, 0x61, 0x73, 0x74, 0x56, 0x61, 0x6c, 0x75, 0x65,
  0x51, 0x75, 0x61, 0x6e, 0x74, 0x2f, 0x46, 0x61, 0x6b, 0x65, 0x51, 0x75, 0x61, 0x6e, 0x74, 0x57,
  0x69, 0x74, 0x68, 0x4d, 0x69, 0x6e, 0x4d, 0x61, 0x78, 0x56, 0x61, 0x72, 0x73, 0x00, 0x00, 0x00,
  0x02, 0x00, 0x00, 0x00, 0x02, 0x00, 0x00, 0x00, 0x20, 0x00, 0x00, 0x00, 0xd2, 0xdc, 0xff, 0xff,
  0x00, 0x00, 0x00, 0x01, 0x14, 0x00, 0x00, 0x00, 0x30, 0x00, 0x00, 0x00, 0x18, 0x00, 0x00, 0x00,
  0x00, 0x00, 0x00, 0x09, 0x54, 0x00, 0x00, 0x00, 0xbc, 0xdc, 0xff, 0xff, 0x08, 0x00, 0x00, 0x00,
  0x10, 0x00, 0x00, 0x00, 0x01, 0x00, 0x00, 0x00, 0xe7, 0xff, 0xff, 0xff, 0xff, 0xff, 0xff, 0xff,
  0x01, 0x00, 0x00, 0x00, 0x0a, 0x5a, 0xc2, 0x3c, 0x2a, 0x00, 0x00, 0x00, 0x6d, 0x6f, 0x64, 0x65,
  0x6c, 0x5f, 0x31, 0x2f, 0x71, 0x75, 0x61, 0x6e, 0x74, 0x5f, 0x61, 0x76, 0x65, 0x72, 0x61, 0x67,
  0x65, 0x5f, 0x70, 0x6f, 0x6f, 0x6c, 0x69, 0x6e, 0x67, 0x32, 0x64, 0x5f, 0x31, 0x2f, 0x41, 0x76,
  0x67, 0x50, 0x6f, 0x6f, 0x6c, 0x31, 0x00, 0x00, 0x04, 0x00, 0x00, 0x00, 0x01, 0x00, 0x00, 0x00,
  0x01, 0x00, 0x00, 0x00, 0x01, 0x00, 0x00, 0x00, 0x20, 0x00, 0x00, 0x00, 0x52, 0xdd, 0xff, 0xff,
  0x00, 0x00, 0x00, 0x01, 0x14, 0x00, 0x00, 0x00, 0x30, 0x00, 0x00, 0x00, 0x17, 0x00, 0x00, 0x00,
  0x00, 0x00, 0x00, 0x09, 0x54, 0x00, 0x00, 0x00, 0x3c, 0xdd, 0xff, 0xff, 0x08, 0x00, 0x00, 0x00,
  0x10, 0x00, 0x00, 0x00, 0x01, 0x00, 0x00, 0x00, 0xba, 0xff, 0xff, 0xff, 0xff, 0xff, 0xff, 0xff,
  0x01, 0x00, 0x00, 0x00, 0xf5, 0x1a, 0x2c, 0x3d, 0x29, 0x00, 0x00, 0x00, 0x6d, 0x6f, 0x64, 0x65,
  0x6c, 0x5f, 0x31, 0x2f, 0x71, 0x75, 0x61, 0x6e, 0x74, 0x5f, 0x61, 0x76, 0x65, 0x72, 0x61, 0x67,
  0x65, 0x5f, 0x70, 0x6f, 0x6f, 0x6c, 0x69, 0x6e, 0x67, 0x32, 0x64, 0x5f, 0x31, 0x2f, 0x41, 0x76,
  0x67, 0x50, 0x6f, 0x6f, 0x6c, 0x00, 0x00, 0x00, 0x04, 0x00, 0x00, 0x00, 0x01, 0x00, 0x00, 0x00,
  0x01, 0x00, 0x00, 0x00, 0x01, 0x00, 0x00, 0x00, 0x20, 0x00, 0x00, 0x00, 0xd2, 0xdd, 0xff, 0xff,
  0x00, 0x00, 0x00, 0x01, 0x14, 0x00, 0x00, 0x00, 0x34, 0x00, 0x00, 0x00, 0x16, 0x00, 0x00, 0x00,
  0x00, 0x00, 0x00, 0x09, 0x9c, 0x00, 0x00, 0x00, 0xbc, 0xdd, 0xff, 0xff, 0x08, 0x00, 0x00, 0x00,
  0x14, 0x00, 0x00, 0x00, 0x01, 0x00, 0x00, 0x00, 0xba, 0xff, 0xff, 0xff, 0xff, 0xff, 0xff, 0xff,
  0x00, 0x00, 0x00, 0x00, 0x01, 0x00, 0x00, 0x00, 0xf5, 0x1a, 0x2c, 0x3d, 0x6f, 0x00, 0x00, 0x00,
  0x6d, 0x6f, 0x64, 0x65, 0x6c, 0x5f, 0x31, 0x2f, 0x71, 0x75, 0x61, 0x6e, 0x74, 0x5f, 0x72, 0x65,
  0x5f, 0x6c, 0x75, 0x5f, 0x31, 0x33, 0x2f, 0x52, 0x65, 0x6c, 0x75, 0x3b, 0x6d, 0x6f, 0x64, 0x65,
  0x6c, 0x5f, 0x31, 0x2f, 0x71, 0x75, 0x61, 0x6e, 0x74, 0x5f, 0x62, 0x61, 0x74, 0x63, 0x68, 0x5f,
  0x6e, 0x6f, 0x72, 0x6d, 0x61, 0x6c, 0x69, 0x7a, 0x61, 0x74, 0x69, 0x6f, 0x6e, 0x5f, 0x31, 0x33,
  0x2f, 0x46, 0x75, 0x73, 0x65, 0x64, 0x42, 0x61, 0x74, 0x63, 0x68, 0x4e, 0x6f, 0x72, 0x6d, 0x56,
  0x33, 0x3b, 0x6d, 0x6f, 0x64, 0x65, 0x6c, 0x5f, 0x31, 0x2f, 0x71, 0x75, 0x61, 0x6e, 0x74, 0x5f,
  0x63, 0x6f, 0x6e, 0x76, 0x32, 0x64, 0x5f, 0x37, 0x2f, 0x43, 0x6f, 0x6e, 0x76, 0x32, 0x44, 0x00,
  0x04, 0x00, 0x00, 0x00, 0x01, 0x00, 0x00, 0x00, 0x0c, 0x00, 0x00, 0x00, 0x0a, 0x00, 0x00, 0x00,
  0x20, 0x00, 0x00, 0x00, 0x9a, 0xde, 0xff, 0xff, 0x00, 0x00, 0x00, 0x01, 0x14, 0x00, 0x00, 0x00,
  0xa4, 0x01, 0x00, 0x00, 0x15, 0x00, 0x00, 0x00, 0x00, 0x00, 0x00, 0x02, 0xb0, 0x01, 0x00, 0x00,
  0x84, 0xde, 0xff, 0xff, 0x08, 0x00, 0x00, 0x00, 0x08, 0x01, 0x00, 0x00, 0x20, 0x00, 0x00, 0x00,
  0x00, 0x00, 0x00, 0x00, 0x00, 0x00, 0x00, 0x00, 0x00, 0x00, 0x00, 0x00, 0x00, 0x00, 0x00, 0x00,
  0x00, 0x00, 0x00, 0x00, 0x00, 0x00, 0x00, 0x00, 0x00, 0x00, 0x00, 0x00, 0x00, 0x00, 0x00, 0x00,
  0x00, 0x00, 0x00, 0x00, 0x00, 0x00, 0x00, 0x00, 0x00, 0x00, 0x00, 0x00, 0x00, 0x00, 0x00, 0x00,
  0x00, 0x00, 0x00, 0x00, 0x00, 0x00, 0x00, 0x00, 0x00, 0x00, 0x00, 0x00, 0x00, 0x00, 0x00, 0x00,
  0x00, 0x00, 0x00, 0x00, 0x00, 0x00, 0x00, 0x00, 0x00, 0x00, 0x00, 0x00, 0x00, 0x00, 0x00, 0x00,
  0x00, 0x00, 0x00, 0x00, 0x00, 0x00, 0x00, 0x00, 0x00, 0x00, 0x00, 0x00, 0x00, 0x00, 0x00, 0x00,
  0x00, 0x00, 0x00, 0x00, 0x00, 0x00, 0x00, 0x00, 0x00, 0x00, 0x00, 0x00, 0x00, 0x00, 0x00, 0x00,
  0x00, 0x00, 0x00, 0x00, 0x00, 0x00, 0x00, 0x00, 0x00, 0x00, 0x00, 0x00, 0x00, 0x00, 0x00, 0x00,
  0x00, 0x00, 0x00, 0x00, 0x00, 0x00, 0x00, 0x00, 0x00, 0x00, 0x00, 0x00, 0x00, 0x00, 0x00, 0x00,
  0x00, 0x00, 0x00, 0x00, 0x00, 0x00, 0x00, 0x00, 0x00, 0x00, 0x00, 0x00, 0x00, 0x00, 0x00, 0x00,
  0x00, 0x00, 0x00, 0x00, 0x00, 0x00, 0x00, 0x00, 0x00, 0x00, 0x00, 0x00, 0x00, 0x00, 0x00, 0x00,
  0x00, 0x00, 0x00, 0x00, 0x00, 0x00, 0x00, 0x00, 0x00, 0x00, 0x00, 0x00, 0x00, 0x00, 0x00, 0x00,
  0x00, 0x00, 0x00, 0x00, 0x00, 0x00, 0x00, 0x00, 0x00, 0x00, 0x00, 0x00, 0x00, 0x00, 0x00, 0x00,
  0x00, 0x00, 0x00, 0x00, 0x00, 0x00, 0x00, 0x00, 0x00, 0x00, 0x00, 0x00, 0x00, 0x00, 0x00, 0x00,
  0x00, 0x00, 0x00, 0x00, 0x00, 0x00, 0x00, 0x00, 0x00, 0x00, 0x00, 0x00, 0x00, 0x00, 0x00, 0x00,
  0x00, 0x00, 0x00, 0x00, 0x00, 0x00, 0x00, 0x00, 0x00, 0x00, 0x00, 0x00, 0x00, 0x00, 0x00, 0x00,
  0x20, 0x00, 0x00, 0x00, 0xc5, 0xc7, 0x6e, 0x39, 0xad, 0xc7, 0x71, 0x39, 0x6b, 0xd6, 0x84, 0x39,
  0xf2, 0x63, 0x6c, 0x39, 0xf7, 0x56, 0x81, 0x39, 0xec, 0xca, 0x74, 0x39, 0xe4, 0xa9, 0x64, 0x39,
  0xa2, 0x7e, 0x4f, 0x39, 0x21, 0x6c, 0x4c, 0x39, 0xb6, 0x96, 0x9e, 0x39, 0x2f, 0xa8, 0x3a, 0x39,
  0xeb, 0x6f, 0x66, 0x39, 0x5e, 0xd8, 0x80, 0x39, 0x2b, 0x98, 0x8f, 0x39, 0xb4, 0x15, 0x85, 0x39,
  0x63, 0xd7, 0x56, 0x39, 0x56, 0x97, 0x96, 0x39, 0x6b, 0x0f, 0x9d, 0x39, 0x7b, 0x0f, 0x82, 0x39,
  0xf9, 0xd5, 0xa0, 0x39, 0x2e, 0x9a, 0x75, 0x39, 0x03, 0x41, 0x68, 0x39, 0x7a, 0xc8, 0x60, 0x39,
  0x07, 0x2b, 0x59, 0x39, 0xe6, 0xd1, 0x85, 0x39, 0xda, 0xbe, 0x60, 0x39, 0xb1, 0xc5, 0x78, 0x39,
  0x6d, 0xb4, 0x78, 0x39, 0xce, 0xb0, 0x58, 0x39, 0x77, 0xe7, 0x81, 0x39, 0x1f, 0xf2, 0x92, 0x39,
  0x61, 0xda, 0x84, 0x39, 0x11, 0x00, 0x00, 0x00, 0x74, 0x66, 0x6c, 0x2e, 0x70, 0x73, 0x65, 0x75,
  0x64, 0x6f, 0x5f, 0x71, 0x63, 0x6f, 0x6e, 0x73, 0x74, 0x00, 0x00, 0x00, 0x01, 0x00, 0x00, 0x00,
  0x20, 0x00, 0x00, 0x00, 0x6a, 0xe0, 0xff, 0xff, 0x00, 0x00, 0x00, 0x01, 0x14, 0x00, 0x00, 0x00,
  0xa4, 0x01, 0x00, 0x00, 0x14, 0x00, 0x00, 0x00, 0x00, 0x00, 0x00, 0x09, 0x04, 0x02, 0x00, 0x00,
  0x54, 0xe0, 0xff, 0xff, 0x08, 0x00, 0x00, 0x00, 0x08, 0x01, 0x00, 0x00, 0x20, 0x00, 0x00, 0x00,
  0x00, 0x00, 0x00, 0x00, 0x00, 0x00, 0x00, 0x00, 0x00, 0x00, 0x00, 0x00, 0x00, 0x00, 0x00, 0x00,
  0x00, 0x00, 0x00, 0x00, 0x00, 0x00, 0x00, 0x00, 0x00, 0x00, 0x00, 0x00, 0x00, 0x00, 0x00, 0x00,
  0x00, 0x00, 0x00, 0x00, 0x00, 0x00, 0x00, 0x00, 0x00, 0x00, 0x00, 0x00, 0x00, 0x00, 0x00, 0x00,
  0x00, 0x00, 0x00, 0x00, 0x00, 0x00, 0x00, 0x00, 0x00, 0x00, 0x00, 0x00, 0x00, 0x00, 0x00, 0x00,
  0x00, 0x00, 0x00, 0x00, 0x00, 0x00, 0x00, 0x00, 0x00, 0x00, 0x00, 0x00, 0x00, 0x00, 0x00, 0x00,
  0x00, 0x00, 0x00, 0x00, 0x00, 0x00, 0x00, 0x00, 0x00, 0x00, 0x00, 0x00, 0x00, 0x00, 0x00, 0x00,
  0x00, 0x00, 0x00, 0x00, 0x00, 0x00, 0x00, 0x00, 0x00, 0x00, 0x00, 0x00, 0x00, 0x00, 0x00, 0x00,
  0x00, 0x00, 0x00, 0x00, 0x00, 0x00, 0x00, 0x00, 0x00, 0x00, 0x00, 0x00, 0x00, 0x00, 0x00, 0x00,
  0x00, 0x00, 0x00, 0x00, 0x00, 0x00, 0x00, 0x00, 0x00, 0x00, 0x00, 0x00, 0x00, 0x00, 0x00, 0x00,
  0x00, 0x00, 0x00, 0x00, 0x00, 0x00, 0x00, 0x00, 0x00, 0x00, 0x00, 0x00, 0x00, 0x00, 0x00, 0x00,
  0x00, 0x00, 0x00, 0x00, 0x00, 0x00, 0x00, 0x00, 0x00, 0x00, 0x00, 0x00, 0x00, 0x00, 0x00, 0x00,
  0x00, 0x00, 0x00, 0x00, 0x00, 0x00, 0x00, 0x00, 0x00, 0x00, 0x00, 0x00, 0x00, 0x00, 0x00, 0x00,
  0x00, 0x00, 0x00, 0x00, 0x00, 0x00, 0x00, 0x00, 0x00, 0x00, 0x00, 0x00, 0x00, 0x00, 0x00, 0x00,
  0x00, 0x00, 0x00, 0x00, 0x00, 0x00, 0x00, 0x00, 0x00, 0x00, 0x00, 0x00, 0x00, 0x00, 0x00, 0x00,
  0x00, 0x00, 0x00, 0x00, 0x00, 0x00, 0x00, 0x00, 0x00, 0x00, 0x00, 0x00, 0x00, 0x00, 0x00, 0x00,
  0x00, 0x00, 0x00, 0x00, 0x00, 0x00, 0x00, 0x00, 0x00, 0x00, 0x00, 0x00, 0x00, 0x00, 0x00, 0x00,
  0x20, 0x00, 0x00, 0x00, 0x0e, 0x80, 0xb0, 0x3b, 0xac, 0xb7, 0xb2, 0x3b, 0x51, 0x61, 0xc4, 0x3b,
  0xd0, 0xbb, 0xae, 0x3b, 0x86, 0x35, 0xbf, 0x3b, 0xc1, 0xf1, 0xb4, 0x3b, 0xaf, 0x05, 0xa9, 0x3b,
  0xe9, 0x5f, 0x99, 0x3b, 0x8c, 0x1a, 0x97, 0x3b, 0x05, 0x73, 0xea, 0x3b, 0xd3, 0xf8, 0x89, 0x3b,
  0x4a, 0x55, 0xaa, 0x3b, 0x5f, 0x7a, 0xbe, 0x3b, 0x52, 0x48, 0xd4, 0x3b, 0xe0, 0xbe, 0xc4, 0x3b,
  0x1d, 0xce, 0x9e, 0x3b, 0x49, 0xa0, 0xde, 0x3b, 0x8d, 0x30, 0xe8, 0x3b, 0x4e, 0x46, 0xc0, 0x3b,
  0x75, 0xc5, 0xed, 0x3b, 0xf5, 0x8a, 0xb5, 0x3b, 0x13, 0xad, 0xab, 0x3b, 0x60, 0x27, 0xa6, 0x3b,
  0x66, 0x86, 0xa0, 0x3b, 0x18, 0xd5, 0xc5, 0x3b, 0x44, 0x20, 0xa6, 0x3b, 0xce, 0xe2, 0xb7, 0x3b,
  0x0b, 0xd6, 0xb7, 0x3b, 0x0d, 0x2c, 0xa0, 0x3b, 0x26, 0x0b, 0xc0, 0x3b, 0xac, 0x3c, 0xd9, 0x3b,
  0x2b, 0x67, 0xc4, 0x3b, 0x65, 0x00, 0x00, 0x00, 0x6d, 0x6f, 0x64, 0x65, 0x6c, 0x5f, 0x31, 0x2f,
  0x71, 0x75, 0x61, 0x6e, 0x74, 0x5f, 0x63, 0x6f, 0x6e, 0x76, 0x32, 0x64, 0x5f, 0x37, 0x2f, 0x43,
  0x6f, 0x6e, 0x76, 0x32, 0x44, 0x3b, 0x6d, 0x6f, 0x64, 0x65, 0x6c, 0x5f, 0x31, 0x2f, 0x71, 0x75,
  0x61, 0x6e, 0x74, 0x5f, 0x63, 0x6f, 0x6e, 0x76, 0x32, 0x64, 0x5f, 0x37, 0x2f, 0x4c, 0x61, 0x73,
  0x74, 0x56, 0x61, 0x6c, 0x75, 0x65, 0x51, 0x75, 0x61, 0x6e, 0x74, 0x2f, 0x46, 0x61, 0x6b, 0x65,
  0x51, 0x75, 0x61, 0x6e, 0x74, 0x57, 0x69, 0x74, 0x68, 0x4d, 0x69, 0x6e, 0x4d, 0x61, 0x78, 0x56,
  0x61, 0x72, 0x73, 0x50, 0x65, 0x72, 0x43, 0x68, 0x61, 0x6e, 0x6e, 0x65, 0x6c, 0x00, 0x00, 0x00,
  0x04, 0x00, 0x00, 0x00, 0x20, 0x00, 0x00, 0x00, 0x01, 0x00, 0x00, 0x00, 0x01, 0x00, 0x00, 0x00,
  0x20, 0x00, 0x00, 0x00, 0x9a, 0xe2, 0xff, 0xff, 0x00, 0x00, 0x00, 0x01, 0x14, 0x00, 0x00, 0x00,
  0x34, 0x00, 0x00, 0x00, 0x13, 0x00, 0x00, 0x00, 0x00, 0x00, 0x00, 0x09, 0xac, 0x00, 0x00, 0x00,
  0x84, 0xe2, 0xff, 0xff, 0x08, 0x00, 0x00, 0x00, 0x14, 0x00, 0x00, 0x00, 0x01, 0x00, 0x00, 0x00,
  0xba, 0xff, 0xff, 0xff, 0xff, 0xff, 0xff, 0xff, 0x00, 0x00, 0x00, 0x00, 0x01, 0x00, 0x00, 0x00,
  0x91, 0x2a, 0x2d, 0x3d, 0x7c, 0x00, 0x00, 0x00, 0x6d, 0x6f, 0x64, 0x65, 0x6c, 0x5f, 0x31, 0x2f,
  0x71, 0x75, 0x61, 0x6e, 0x74, 0x5f, 0x72, 0x65, 0x5f, 0x6c, 0x75, 0x5f, 0x31, 0x32, 0x2f, 0x52,
  0x65, 0x6c, 0x75, 0x3b, 0x6d, 0x6f, 0x64, 0x65, 0x6c, 0x5f, 0x31, 0x2f, 0x71, 0x75, 0x61, 0x6e,
  0x74, 0x5f, 0x62, 0x61, 0x74, 0x63, 0x68, 0x5f, 0x6e, 0x6f, 0x72, 0x6d, 0x61, 0x6c, 0x69, 0x7a,
  0x61, 0x74, 0x69, 0x6f, 0x6e, 0x5f, 0x31, 0x32, 0x2f, 0x46, 0x75, 0x73, 0x65, 0x64, 0x42, 0x61,
  0x74, 0x63, 0x68, 0x4e, 0x6f, 0x72, 0x6d, 0x56, 0x33, 0x3b, 0x6d, 0x6f, 0x64, 0x65, 0x6c, 0x5f,
  0x31, 0x2f, 0x71, 0x75, 0x61, 0x6e, 0x74, 0x5f, 0x64, 0x65, 0x70, 0x74, 0x68, 0x77, 0x69, 0x73,
  0x65, 0x5f, 0x63, 0x6f, 0x6e, 0x76, 0x32, 0x64, 0x5f, 0x35, 0x2f, 0x64, 0x65, 0x70, 0x74, 0x68,
  0x77, 0x69, 0x73, 0x65, 0x00, 0x00, 0x00, 0x00, 0x04, 0x00, 0x00, 0x00, 0x01, 0x00, 0x00, 0x00,
  0x0c, 0x00, 0x00, 0x00, 0x0a, 0x00, 0x00, 0x00, 0x20, 0x00, 0x00, 0x00, 0x72, 0xe3, 0xff, 0xff,
  0x00, 0x00, 0x00, 0x01, 0x14, 0x00, 0x00, 0x00, 0xa8, 0x01, 0x00, 0x00, 0x12, 0x00, 0x00, 0x00,
  0x00, 0x00, 0x00, 0x02, 0xb4, 0x01, 0x00, 0x00, 0x5c, 0xe3, 0xff, 0xff, 0x08, 0x00, 0x00, 0x00,
  0x0c, 0x01, 0x00, 0x00, 0x20, 0x00, 0x00, 0x00, 0x00, 0x00, 0x00, 0x00, 0x00, 0x00, 0x00, 0x00,
  0x00, 0x00, 0x00, 0x00, 0x00, 0x00, 0x00, 0x00, 0x00, 0x00, 0x00, 0x00, 0x00, 0x00, 0x00, 0x00,
  0x00, 0x00, 0x00, 0x00, 0x00, 0x00, 0x00, 0x00, 0x00, 0x00, 0x00, 0x00, 0x00, 0x00, 0x00, 0x00,
  0x00, 0x00, 0x00, 0x00, 0x00, 0x00, 0x00, 0x00, 0x00, 0x00, 0x00, 0x00, 0x00, 0x00, 0x00, 0x00,
  0x00, 0x00, 0x00, 0x00, 0x00, 0x00, 0x00, 0x00, 0x00, 0x00, 0x00, 0x00, 0x00, 0x00, 0x00, 0x00,
  0x00, 0x00, 0x00, 0x00, 0x00, 0x00, 0x00, 0x00, 0x00, 0x00, 0x00, 0x00, 0x00, 0x00, 0x00, 0x00,
  0x00, 0x00, 0x00, 0x00, 0x00, 0x00, 0x00, 0x00, 0x00, 0x00, 0x00, 0x00, 0x00, 0x00, 0x00, 0x00,
  0x00, 0x00, 0x00, 0x00, 0x00, 0x00, 0x00, 0x00, 0x00, 0x00, 0x00, 0x00, 0x00, 0x00, 0x00, 0x00,
  0x00, 0x00, 0x00, 0x00, 0x00, 0x00, 0x00, 0x00, 0x00, 0x00, 0x00, 0x00, 0x00, 0x00, 0x00, 0x00,
  0x00, 0x00, 0x00, 0x00, 0x00, 0x00, 0x00, 0x00, 0x00, 0x00, 0x00, 0x00, 0x00, 0x00, 0x00, 0x00,
  0x00, 0x00, 0x00, 0x00, 0x00, 0x00, 0x00, 0x00, 0x00, 0x00, 0x00, 0x00, 0x00, 0x00, 0x00, 0x00,
  0x00, 0x00, 0x00, 0x00, 0x00, 0x00, 0x00, 0x00, 0x00, 0x00, 0x00, 0x00, 0x00, 0x00, 0x00, 0x00,
  0x00, 0x00, 0x00, 0x00, 0x00, 0x00, 0x00, 0x00, 0x00, 0x00, 0x00, 0x00, 0x00, 0x00, 0x00, 0x00,
  0x00, 0x00, 0x00, 0x00, 0x00, 0x00, 0x00, 0x00, 0x00, 0x00, 0x00, 0x00, 0x00, 0x00, 0x00, 0x00,
  0x00, 0x00, 0x00, 0x00, 0x00, 0x00, 0x00, 0x00, 0x00, 0x00, 0x00, 0x00, 0x00, 0x00, 0x00, 0x00,
  0x00, 0x00, 0x00, 0x00, 0x00, 0x00, 0x00, 0x00, 0x00, 0x00, 0x00, 0x00, 0x00, 0x00, 0x00, 0x00,
  0x00, 0x00, 0x00, 0x00, 0x00, 0x00, 0x00, 0x00, 0x00, 0x00, 0x00, 0x00, 0x20, 0x00, 0x00, 0x00,
  0x99, 0xda, 0x37, 0x3a, 0x29, 0x6a, 0x1f, 0x3a, 0x25, 0x38, 0xc9, 0x39, 0x54, 0x5a, 0xc6, 0x39,
  0xf1, 0xba, 0xbb, 0x39, 0xb2, 0x39, 0xdf, 0x39, 0xa0, 0xa4, 0x8c, 0x39, 0xfb, 0xa3, 0x90, 0x39,
  0xf0, 0x93, 0xe2, 0x39, 0x3a, 0xb1, 0x2e, 0x3a, 0x3e, 0xce, 0x0e, 0x3a, 0x46, 0x58, 0x16, 0x3a,
  0x47, 0x1f, 0x2a, 0x3a, 0x95, 0xae, 0xa0, 0x39, 0xd1, 0x03, 0x51, 0x39, 0x78, 0x4c, 0x28, 0x3a,
  0xe5, 0x00, 0x5a, 0x3a, 0xdb, 0xf9, 0x11, 0x3a, 0x45, 0xd1, 0x16, 0x3a, 0xb8, 0x32, 0xa3, 0x39,
  0x1f, 0x78, 0x81, 0x3a, 0xb1, 0x91, 0xb8, 0x39, 0x2c, 0xba, 0x01, 0x3a, 0xdb, 0xdb, 0x08, 0x3a,
  0x9c, 0xe2, 0x80, 0x3a, 0xb0, 0x61, 0xeb, 0x39, 0xc9, 0x22, 0x15, 0x3a, 0x2c, 0x4d, 0xee, 0x39,
  0x2c, 0xff, 0xdb, 0x39, 0x7a, 0xda, 0x2f, 0x3a, 0xe4, 0x02, 0x1e, 0x3a, 0xe6, 0x2c, 0x09, 0x3a,
  0x12, 0x00, 0x00, 0x00, 0x74, 0x66, 0x6c, 0x2e, 0x70, 0x73, 0x65, 0x75, 0x64, 0x6f, 0x5f, 0x71,
  0x63, 0x6f, 0x6e, 0x73, 0x74, 0x31, 0x00, 0x00, 0x01, 0x00, 0x00, 0x00, 0x20, 0x00, 0x00, 0x00,
  0x46, 0xe5, 0xff, 0xff, 0x00, 0x00, 0x00, 0x01, 0x14, 0x00, 0x00, 0x00, 0xa8, 0x01, 0x00, 0x00,
  0x11, 0x00, 0x00, 0x00, 0x00, 0x00, 0x00, 0x09, 0x20, 0x02, 0x00, 0x00, 0x72, 0xec, 0xff, 0xff,
  0x03, 0x00, 0x00, 0x00, 0x08, 0x00, 0x00, 0x00, 0x08, 0x01, 0x00, 0x00, 0x20, 0x00, 0x00, 0x00,
  0x00, 0x00, 0x00, 0x00, 0x00, 0x00, 0x00, 0x00, 0x00, 0x00, 0x00, 0x00, 0x00, 0x00, 0x00, 0x00,
  0x00, 0x00, 0x00, 0x00, 0x00, 0x00, 0x00, 0x00, 0x00, 0x00, 0x00, 0x00, 0x00, 0x00, 0x00, 0x00,
  0x00, 0x00, 0x00, 0x00, 0x00, 0x00, 0x00, 0x00, 0x00, 0x00, 0x00, 0x00, 0x00, 0x00, 0x00, 0x00,
  0x00, 0x00, 0x00, 0x00, 0x00, 0x00, 0x00, 0x00, 0x00, 0x00, 0x00, 0x00, 0x00, 0x00, 0x00, 0x00,
  0x00, 0x00, 0x00, 0x00, 0x00, 0x00, 0x00, 0x00, 0x00, 0x00, 0x00, 0x00, 0x00, 0x00, 0x00, 0x00,
  0x00, 0x00, 0x00, 0x00, 0x00, 0x00, 0x00, 0x00, 0x00, 0x00, 0x00, 0x00, 0x00, 0x00, 0x00, 0x00,
  0x00, 0x00, 0x00, 0x00, 0x00, 0x00, 0x00, 0x00, 0x00, 0x00, 0x00, 0x00, 0x00, 0x00, 0x00, 0x00,
  0x00, 0x00, 0x00, 0x00, 0x00, 0x00, 0x00, 0x00, 0x00, 0x00, 0x00, 0x00, 0x00, 0x00, 0x00, 0x00,
  0x00, 0x00, 0x00, 0x00, 0x00, 0x00, 0x00, 0x00, 0x00, 0x00, 0x00, 0x00, 0x00, 0x00, 0x00, 0x00,
  0x00, 0x00, 0x00, 0x00, 0x00, 0x00, 0x00, 0x00, 0x00, 0x00, 0x00, 0x00, 0x00, 0x00, 0x00, 0x00,
  0x00, 0x00, 0x00, 0x00, 0x00, 0x00, 0x00, 0x00, 0x00, 0x00, 0x00, 0x00, 0x00, 0x00, 0x00, 0x00,
  0x00, 0x00, 0x00, 0x00, 0x00, 0x00, 0x00, 0x00, 0x00, 0x00, 0x00, 0x00, 0x00, 0x00, 0x00, 0x00,
  0x00, 0x00, 0x00, 0x00, 0x00, 0x00, 0x00, 0x00, 0x00, 0x00, 0x00, 0x00, 0x00, 0x00, 0x00, 0x00,
  0x00, 0x00, 0x00, 0x00, 0x00, 0x00, 0x00, 0x00, 0x00, 0x00, 0x00, 0x00, 0x00, 0x00, 0x00, 0x00,
  0x00, 0x00, 0x00, 0x00, 0x00, 0x00, 0x00, 0x00, 0x00, 0x00, 0x00, 0x00, 0x00, 0x00, 0x00, 0x00,
  0x00, 0x00, 0x00, 0x00, 0x00, 0x00, 0x00, 0x00, 0x00, 0x00, 0x00, 0x00, 0x00, 0x00, 0x00, 0x00,
  0x20, 0x00, 0x00, 0x00, 0x25, 0x8d, 0xa2, 0x3c, 0x9f, 0xf1, 0x8c, 0x3c, 0x9a, 0xe7, 0x31, 0x3c,
  0xcf, 0x5e, 0x2f, 0x3c, 0x82, 0xfa, 0x25, 0x3c, 0x69, 0x5c, 0x45, 0x3c, 0xc6, 0xb1, 0xf8, 0x3b,
  0x57, 0xc3, 0xff, 0x3b, 0x36, 0x53, 0x48, 0x3c, 0x86, 0x73, 0x9a, 0x3c, 0xb7, 0x84, 0x7c, 0x3c,
  0xc3, 0xec, 0x84, 0x3c, 0x22, 0x69, 0x96, 0x3c, 0x74, 0x10, 0x0e, 0x3c, 0x0b, 0xcc, 0xb8, 0x3b,
  0x69, 0xcc, 0x94, 0x3c, 0x80, 0xbe, 0xc0, 0x3c, 0xef, 0x0f, 0x81, 0x3c, 0xbd, 0x57, 0x85, 0x3c,
  0xf4, 0x49, 0x10, 0x3c, 0xa3, 0xef, 0xe4, 0x3c, 0x06, 0x2f, 0x23, 0x3c, 0x6f, 0x64, 0x65, 0x3c,
  0xba, 0x00, 0x72, 0x3c, 0x43, 0xe7, 0xe3, 0x3c, 0xd3, 0x1b, 0x50, 0x3c, 0x22, 0xdb, 0x83, 0x3c,
  0xb4, 0xb0, 0x52, 0x3c, 0xa7, 0x81, 0x42, 0x3c, 0x55, 0x7a, 0x9b, 0x3c, 0xfb, 0xb3, 0x8b, 0x3c,
  0x09, 0x90, 0x72, 0x3c, 0x7c, 0x00, 0x00, 0x00, 0x6d, 0x6f, 0x64, 0x65, 0x6c, 0x5f, 0x31, 0x2f,
  0x71, 0x75, 0x61, 0x6e, 0x74, 0x5f, 0x64, 0x65, 0x70, 0x74, 0x68, 0x77, 0x69, 0x73, 0x65, 0x5f,
  0x63, 0x6f, 0x6e, 0x76, 0x32, 0x64, 0x5f, 0x35, 0x2f, 0x64, 0x65, 0x70, 0x74, 0x68, 0x77, 0x69,
  0x73, 0x65, 0x3b, 0x6d, 0x6f, 0x64, 0x65, 0x6c, 0x5f, 0x31, 0x2f, 0x71, 0x75, 0x61, 0x6e, 0x74,
  0x5f, 0x64, 0x65, 0x70, 0x74, 0x68, 0x77, 0x69, 0x73, 0x65, 0x5f, 0x63, 0x6f, 0x6e, 0x76, 0x32,
  0x64, 0x5f, 0x35, 0x2f, 0x4c, 0x61, 0x73, 0x74, 0x56, 0x61, 0x6c, 0x75, 0x65, 0x51, 0x75, 0x61,
  0x6e, 0x74, 0x2f, 0x46, 0x61, 0x6b, 0x65, 0x51, 0x75, 0x61, 0x6e, 0x74, 0x57, 0x69, 0x74, 0x68,
  0x4d, 0x69, 0x6e, 0x4d, 0x61, 0x78, 0x56, 0x61, 0x72, 0x73, 0x50, 0x65, 0x72, 0x43, 0x68, 0x61,
  0x6e, 0x6e, 0x65, 0x6c, 0x00, 0x00, 0x00, 0x00, 0x04, 0x00, 0x00, 0x00, 0x01, 0x00, 0x00, 0x00,
  0x03, 0x00, 0x00, 0x00, 0x03, 0x00, 0x00, 0x00, 0x20, 0x00, 0x00, 0x00, 0x92, 0xe7, 0xff, 0xff,
  0x00, 0x00, 0x00, 0x01, 0x14, 0x00, 0x00, 0x00, 0x34, 0x00, 0x00, 0x00, 0x10, 0x00, 0x00, 0x00,
  0x00, 0x00, 0x00, 0x09, 0x9c, 0x00, 0x00, 0x00, 0x7c, 0xe7, 0xff, 0xff, 0x08, 0x00, 0x00, 0x00,
  0x14, 0x00, 0x00, 0x00, 0x01, 0x00, 0x00, 0x00, 0xc5, 0xff, 0xff, 0xff, 0xff, 0xff, 0xff, 0xff,
  0x00, 0x00, 0x00, 0x00, 0x01, 0x00, 0x00, 0x00, 0x49, 0xc6, 0x10, 0x3d, 0x6f, 0x00, 0x00, 0x00,
  0x6d, 0x6f, 0x64, 0x65, 0x6c, 0x5f, 0x31, 0x2f, 0x71, 0x75, 0x61, 0x6e, 0x74, 0x5f, 0x72, 0x65,
  0x5f, 0x6c, 0x75, 0x5f, 0x31, 0x31, 0x2f, 0x52, 0x65, 0x6c, 0x75, 0x3b, 0x6d, 0x6f, 0x64, 0x65,
  0x6c, 0x5f, 0x31, 0x2f, 0x71, 0x75, 0x61, 0x6e, 0x74, 0x5f, 0x62, 0x61, 0x74, 0x63, 0x68, 0x5f,
  0x6e, 0x6f, 0x72, 0x6d, 0x61, 0x6c, 0x69, 0x7a, 0x61, 0x74, 0x69, 0x6f, 0x6e, 0x5f, 0x31, 0x31,
  0x2f, 0x46, 0x75, 0x73, 0x65, 0x64, 0x42, 0x61, 0x74, 0x63, 0x68, 0x4e, 0x6f, 0x72, 0x6d, 0x56,
  0x33, 0x3b, 0x6d, 0x6f, 0x64, 0x65, 0x6c, 0x5f, 0x31, 0x2f, 0x71, 0x75, 0x61, 0x6e, 0x74, 0x5f,
  0x63, 0x6f, 0x6e, 0x76, 0x32, 0x64, 0x5f, 0x36, 0x2f, 0x43, 0x6f, 0x6e, 0x76, 0x32, 0x44, 0x00,
  0x04, 0x00, 0x00, 0x00, 0x01, 0x00, 0x00, 0x00, 0x0c, 0x00, 0x00, 0x00, 0x0a, 0x00, 0x00, 0x00,
  0x20, 0x00, 0x00, 0x00, 0x5a, 0xe8, 0xff, 0xff, 0x00, 0x00, 0x00, 0x01, 0x14, 0x00, 0x00, 0x00,
  0xa4, 0x01, 0x00, 0x00, 0x0f, 0x00, 0x00, 0x00, 0x00, 0x00, 0x00, 0x02, 0xb0, 0x01, 0x00, 0x00,
  0x44, 0xe8, 0xff, 0xff, 0x08, 0x00, 0x00, 0x00, 0x08, 0x01, 0x00, 0x00, 0x20, 0x00, 0x00, 0x00,
  0x00, 0x00, 0x00, 0x00, 0x00, 0x00, 0x00, 0x00, 0x00, 0x00, 0x00, 0x00, 0x00, 0x00, 0x00, 0x00,
  0x00, 0x00, 0x00, 0x00, 0x00, 0x00, 0x00, 0x00, 0x00, 0x00, 0x00, 0x00, 0x00, 0x00, 0x00, 0x00,
  0x00, 0x00, 0x00, 0x00, 0x00, 0x00, 0x00, 0x00, 0x00, 0x00, 0x00, 0x00, 0x00, 0x00, 0x00, 0x00,
  0x00, 0x00, 0x00, 0x00, 0x00, 0x00, 0x00, 0x00, 0x00, 0x00, 0x00, 0x00, 0x00, 0x00, 0x00, 0x00,
  0x00, 0x00, 0x00, 0x00, 0x00, 0x00, 0x00, 0x00, 0x00, 0x00, 0x00, 0x00, 0x00, 0x00, 0x00, 0x00,
  0x00, 0x00, 0x00, 0x00, 0x00, 0x00, 0x00, 0x00, 0x00, 0x00, 0x00, 0x00, 0x00, 0x00, 0x00, 0x00,
  0x00, 0x00, 0x00, 0x00, 0x00, 0x00, 0x00, 0x00, 0x00, 0x00, 0x00, 0x00, 0x00, 0x00, 0x00, 0x00,
  0x00, 0x00, 0x00, 0x00, 0x00, 0x00, 0x00, 0x00, 0x00, 0x00, 0x00, 0x00, 0x00, 0x00, 0x00, 0x00,
  0x00, 0x00, 0x00, 0x00, 0x00, 0x00, 0x00, 0x00, 0x00, 0x00, 0x00, 0x00, 0x00, 0x00, 0x00, 0x00,
  0x00, 0x00, 0x00, 0x00, 0x00, 0x00, 0x00, 0x00, 0x00, 0x00, 0x00, 0x00, 0x00, 0x00, 0x00, 0x00,
  0x00, 0x00, 0x00, 0x00, 0x00, 0x00, 0x00, 0x00, 0x00, 0x00, 0x00, 0x00, 0x00, 0x00, 0x00, 0x00,
  0x00, 0x00, 0x00, 0x00, 0x00, 0x00, 0x00, 0x00, 0x00, 0x00, 0x00, 0x00, 0x00, 0x00, 0x00, 0x00,
  0x00, 0x00, 0x00, 0x00, 0x00, 0x00, 0x00, 0x00, 0x00, 0x00, 0x00, 0x00, 0x00, 0x00, 0x00, 0x00,
  0x00, 0x00, 0x00, 0x00, 0x00, 0x00, 0x00, 0x00, 0x00, 0x00, 0x00, 0x00, 0x00, 0x00, 0x00, 0x00,
  0x00, 0x00, 0x00, 0x00, 0x00, 0x00, 0x00, 0x00, 0x00, 0x00, 0x00, 0x00, 0x00, 0x00, 0x00, 0x00,
  0x00, 0x00, 0x00, 0x00, 0x00, 0x00, 0x00, 0x00, 0x00, 0x00, 0x00, 0x00, 0x00, 0x00, 0x00, 0x00,
  0x20, 0x00, 0x00, 0x00, 0x9a, 0xf8, 0x0e, 0x39, 0x74, 0xa7, 0x0e, 0x39, 0xf1, 0x91, 0x43, 0x39,
  0x38, 0xb3, 0x41, 0x39, 0x27, 0x2f, 0x2c, 0x39, 0x97, 0xc9, 0x12, 0x39, 0xec, 0x23, 0x1e, 0x39,
  0x0f, 0x27, 0x26, 0x39, 0x39, 0x30, 0x19, 0x39, 0xfe, 0x21, 0x18, 0x39, 0xfe, 0x73, 0x32, 0x39,
  0x19, 0xda, 0x08, 0x39, 0x6b, 0xb5, 0x21, 0x39, 0x52, 0x45, 0x25, 0x39, 0x4d, 0x95, 0x57, 0x39,
  0xb7, 0x56, 0x13, 0x39, 0x1f, 0x53, 0x07, 0x39, 0xc6, 0x4d, 0x7c, 0x39, 0x7e, 0xbe, 0x2c, 0x39,
  0x77, 0x6d, 0x5f, 0x39, 0x1e, 0x1e, 0x25, 0x39, 0x54, 0x0a, 0x0f, 0x39, 0xb4, 0xe5, 0x29, 0x39,
  0x82, 0x78, 0x29, 0x39, 0x0d, 0xfc, 0x16, 0x39, 0x15, 0x4b, 0x54, 0x39, 0x08, 0x06, 0x1c, 0x39,
  0x8b, 0xb5, 0x8b, 0x39, 0x20, 0x56, 0x15, 0x39, 0x3b, 0xde, 0x26, 0x39, 0x2e, 0xe1, 0x30, 0x39,
  0xa8, 0xc5, 0x1d, 0x39, 0x12, 0x00, 0x00, 0x00, 0x74, 0x66, 0x6c, 0x2e, 0x70, 0x73, 0x65, 0x75,
  0x64, 0x6f, 0x5f, 0x71, 0x63, 0x6f, 0x6e, 0x73, 0x74, 0x32, 0x00, 0x00, 0x01, 0x00, 0x00, 0x00,
  0x20, 0x00, 0x00, 0x00, 0x2a, 0xea, 0xff, 0xff, 0x00, 0x00, 0x00, 0x01, 0x14, 0x00, 0x00, 0x00,
  0xa4, 0x01, 0x00, 0x00, 0x0e, 0x00, 0x00, 0x00, 0x00, 0x00, 0x00, 0x09, 0x04, 0x02, 0x00, 0x00,
  0x14, 0xea, 0xff, 0xff, 0x08, 0x00, 0x00, 0x00, 0x08, 0x01, 0x00, 0x00, 0x20, 0x00, 0x00, 0x00,
  0x00, 0x00, 0x00, 0x00, 0x00, 0x00, 0x00, 0x00, 0x00, 0x00, 0x00, 0x00, 0x00, 0x00, 0x00, 0x00,
  0x00, 0x00, 0x00, 0x00, 0x00, 0x00, 0x00, 0x00, 0x00, 0x00, 0x00, 0x00, 0x00, 0x00, 0x00, 0x00,
  0x00, 0x00, 0x00, 0x00, 0x00, 0x00, 0x00, 0x00, 0x00, 0x00, 0x00, 0x00, 0x00, 0x00, 0x00, 0x00,
  0x00, 0x00, 0x00, 0x00, 0x00, 0x00, 0x00, 0x00, 0x00, 0x00, 0x00, 0x00, 0x00, 0x00, 0x00, 0x00,
  0x00, 0x00, 0x00, 0x00, 0x00, 0x00, 0x00, 0x00, 0x00, 0x00, 0x00, 0x00, 0x00, 0x00, 0x00, 0x00,
  0x00, 0x00, 0x00, 0x00, 0x00, 0x00, 0x00, 0x00, 0x00, 0x00, 0x00, 0x00, 0x00, 0x00, 0x00, 0x00,
  0x00, 0x00, 0x00, 0x00, 0x00, 0x00, 0x00, 0x00, 0x00, 0x00, 0x00, 0x00, 0x00, 0x00, 0x00, 0x00,
  0x00, 0x00, 0x00, 0x00, 0x00, 0x00, 0x00, 0x00, 0x00, 0x00, 0x00, 0x00, 0x00, 0x00, 0x00, 0x00,
  0x00, 0x00, 0x00, 0x00, 0x00, 0x00, 0x00, 0x00, 0x00, 0x00, 0x00, 0x00, 0x00, 0x00, 0x00, 0x00,
  0x00, 0x00, 0x00, 0x00, 0x00, 0x00, 0x00, 0x00, 0x00, 0x00, 0x00, 0x00, 0x00, 0x00, 0x00, 0x00,
  0x00, 0x00, 0x00, 0x00, 0x00, 0x00, 0x00, 0x00, 0x00, 0x00, 0x00, 0x00, 0x00, 0x00, 0x00, 0x00,
  0x00, 0x00, 0x00, 0x00, 0x00, 0x00, 0x00, 0x00, 0x00, 0x00, 0x00, 0x00, 0x00, 0x00, 0x00, 0x00,
  0x00, 0x00, 0x00, 0x00, 0x00, 0x00, 0x00, 0x00, 0x00, 0x00, 0x00, 0x00, 0x00, 0x00, 0x00, 0x00,
  0x00, 0x00, 0x00, 0x00, 0x00, 0x00, 0x00, 0x00, 0x00, 0x00, 0x00, 0x00, 0x00, 0x00, 0x00, 0x00,
  0x00, 0x00, 0x00, 0x00, 0x00, 0x00, 0x00, 0x00, 0x00, 0x00, 0x00, 0x00, 0x00, 0x00, 0x00, 0x00,
  0x00, 0x00, 0x00, 0x00, 0x00, 0x00, 0x00, 0x00, 0x00, 0x00, 0x00, 0x00, 0x00, 0x00, 0x00, 0x00,
  0x20, 0x00, 0x00, 0x00, 0x39, 0x1f, 0x54, 0x3b, 0xd4, 0xa6, 0x53, 0x3b, 0xad, 0x14, 0x91, 0x3b,
  0x8a, 0xb1, 0x8f, 0x3b, 0xee, 0x76, 0x7f, 0x3b, 0xc1, 0xc8, 0x59, 0x3b, 0xcb, 0xa0, 0x6a, 0x3b,
  0x01, 0x84, 0x76, 0x3b, 0xf2, 0x47, 0x63, 0x3b, 0x02, 0xb7, 0x61, 0x3b, 0xfe, 0x61, 0x84, 0x3b,
  0x0d, 0x0b, 0x4b, 0x3b, 0x1f, 0xec, 0x6f, 0x3b, 0x14, 0x35, 0x75, 0x3b, 0x5d, 0xed, 0x9f, 0x3b,
  0x23, 0x9a, 0x5a, 0x3b, 0xf8, 0xc6, 0x48, 0x3b, 0xf7, 0x2a, 0xbb, 0x3b, 0xcc, 0x25, 0x80, 0x3b,
  0x17, 0xbf, 0xa5, 0x3b, 0xeb, 0xfa, 0x74, 0x3b, 0x87, 0x39, 0x54, 0x3b, 0x51, 0x12, 0x7c, 0x3b,
  0x4f, 0x70, 0x7b, 0x3b, 0xe7, 0x02, 0x60, 0x3b, 0x93, 0x7c, 0x9d, 0x3b, 0xce, 0x7c, 0x67, 0x3b,
  0x46, 0x48, 0xcf, 0x3b, 0xe7, 0x90, 0x5d, 0x3b, 0xc5, 0x93, 0x77, 0x3b, 0x2c, 0x37, 0x83, 0x3b,
  0xef, 0x14, 0x6a, 0x3b, 0x65, 0x00, 0x00, 0x00, 0x6d, 0x6f, 0x64, 0x65, 0x6c, 0x5f, 0x31, 0x2f,
  0x71, 0x75, 0x61, 0x6e, 0x74, 0x5f, 0x63, 0x6f, 0x6e, 0x76, 0x32, 0x64, 0x5f, 0x36, 0x2f, 0x43,
  0x6f, 0x6e, 0x76, 0x32, 0x44, 0x3b, 0x6d, 0x6f, 0x64, 0x65, 0x6c, 0x5f, 0x31, 0x2f, 0x71, 0x75,
  0x61, 0x6e, 0x74, 0x5f, 0x63, 0x6f, 0x6e, 0x76, 0x32, 0x64, 0x5f, 0x36, 0x2f, 0x4c, 0x61, 0x73,
  0x74, 0x56, 0x61, 0x6c, 0x75, 0x65, 0x51, 0x75, 0x61, 0x6e, 0x74, 0x2f, 0x46, 0x61, 0x6b, 0x65,
  0x51, 0x75, 0x61, 0x6e, 0x74, 0x57, 0x69, 0x74, 0x68, 0x4d, 0x69, 0x6e, 0x4d, 0x61, 0x78, 0x56,
  0x61, 0x72, 0x73, 0x50, 0x65, 0x72, 0x43, 0x68, 0x61, 0x6e, 0x6e, 0x65, 0x6c, 0x00, 0x00, 0x00,
  0x04, 0x00, 0x00, 0x00, 0x20, 0x00, 0x00, 0x00, 0x01, 0x00, 0x00, 0x00, 0x01, 0x00, 0x00, 0x00,
  0x20, 0x00, 0x00, 0x00, 0x5a, 0xec, 0xff, 0xff, 0x00, 0x00, 0x00, 0x01, 0x14, 0x00, 0x00, 0x00,
  0x34, 0x00, 0x00, 0x00, 0x0d, 0x00, 0x00, 0x00, 0x00, 0x00, 0x00, 0x09, 0xac, 0x00, 0x00, 0x00,
  0x44, 0xec, 0xff, 0xff, 0x08, 0x00, 0x00, 0x00, 0x14, 0x00, 0x00, 0x00, 0x01, 0x00, 0x00, 0x00,
  0xba, 0xff, 0xff, 0xff, 0xff, 0xff, 0xff, 0xff, 0x00, 0x00, 0x00, 0x00, 0x01, 0x00, 0x00, 0x00,
  0x8a, 0x8b, 0x2c, 0x3d, 0x7c, 0x00, 0x00, 0x00, 0x6d, 0x6f, 0x64, 0x65, 0x6c, 0x5f, 0x31, 0x2f,
  0x71, 0x75, 0x61, 0x6e, 0x74, 0x5f, 0x72, 0x65, 0x5f, 0x6c, 0x75, 0x5f, 0x31, 0x30, 0x2f, 0x52,
  0x65, 0x6c, 0x75, 0x3b, 0x6d, 0x6f, 0x64, 0x65, 0x6c, 0x5f, 0x31, 0x2f, 0x71, 0x75, 0x61, 0x6e,
  0x74, 0x5f, 0x62, 0x61, 0x74, 0x63, 0x68, 0x5f, 0x6e, 0x6f, 0x72, 0x6d, 0x61, 0x6c, 0x69, 0x7a,
  0x61, 0x74, 0x69, 0x6f, 0x6e, 0x5f, 0x31, 0x30, 0x2f, 0x46, 0x75, 0x73, 0x65, 0x64, 0x42, 0x61,
  0x74, 0x63, 0x68, 0x4e, 0x6f, 0x72, 0x6d, 0x56, 0x33, 0x3b, 0x6d, 0x6f, 0x64, 0x65, 0x6c, 0x5f,
  0x31, 0x2f, 0x71, 0x75, 0x61, 0x6e, 0x74, 0x5f, 0x64, 0x65, 0x70, 0x74, 0x68, 0x77, 0x69, 0x73,
  0x65, 0x5f, 0x63, 0x6f, 0x6e, 0x76, 0x32, 0x64, 0x5f, 0x34, 0x2f, 0x64, 0x65, 0x70, 0x74, 0x68,
  0x77, 0x69, 0x73, 0x65, 0x00, 0x00, 0x00, 0x00, 0x04, 0x00, 0x00, 0x00, 0x01, 0x00, 0x00, 0x00,
  0x0c, 0x00, 0x00, 0x00, 0x0a, 0x00, 0x00, 0x00, 0x20, 0x00, 0x00, 0x00, 0x32, 0xed, 0xff, 0xff,
  0x00, 0x00, 0x00, 0x01, 0x14, 0x00, 0x00, 0x00, 0xa8, 0x01, 0x00, 0x00, 0x0c, 0x00, 0x00, 0x00,
  0x00, 0x00, 0x00, 0x02, 0xb4, 0x01, 0x00, 0x00, 0x1c, 0xed, 0xff, 0xff, 0x08, 0x00, 0x00, 0x00,
  0x0c, 0x01, 0x00, 0x00, 0x20, 0x00, 0x00, 0x00, 0x00, 0x00, 0x00, 0x00, 0x00, 0x00, 0x00, 0x00,
  0x00, 0x00, 0x00, 0x00, 0x00, 0x00, 0x00, 0x00, 0x00, 0x00, 0x00, 0x00, 0x00, 0x00, 0x00, 0x00,
  0x00, 0x00, 0x00, 0x00, 0x00, 0x00, 0x00, 0x00, 0x00, 0x00, 0x00, 0x00, 0x00, 0x00, 0x00, 0x00,
  0x00, 0x00, 0x00, 0x00, 0x00, 0x00, 0x00, 0x00, 0x00, 0x00, 0x00, 0x00, 0x00, 0x00, 0x00, 0x00,
  0x00, 0x00, 0x00, 0x00, 0x00, 0x00, 0x00, 0x00, 0x00, 0x00, 0x00, 0x00, 0x00, 0x00, 0x00, 0x00,
  0x00, 0x00, 0x00, 0x00, 0x00, 0x00, 0x00, 0x00, 0x00, 0x00, 0x00, 0x00, 0x00, 0x00, 0x00, 0x00,
  0x00, 0x00, 0x00, 0x00, 0x00, 0x00, 0x00, 0x00, 0x00, 0x00, 0x00, 0x00, 0x00, 0x00, 0x00, 0x00,
  0x00, 0x00, 0x00, 0x00, 0x00, 0x00, 0x00, 0x00, 0x00, 0x00, 0x00, 0x00, 0x00, 0x00, 0x00, 0x00,
  0x00, 0x00, 0x00, 0x00, 0x00, 0x00, 0x00, 0x00, 0x00, 0x00, 0x00, 0x00, 0x00, 0x00, 0x00, 0x00,
  0x00, 0x00, 0x00, 0x00, 0x00, 0x00, 0x00, 0x00, 0x00, 0x00, 0x00, 0x00, 0x00, 0x00, 0x00, 0x00,
  0x00, 0x00, 0x00, 0x00, 0x00, 0x00, 0x00, 0x00, 0x00, 0x00, 0x00, 0x00, 0x00, 0x00, 0x00, 0x00,
  0x00, 0x00, 0x00, 0x00, 0x00, 0x00, 0x00, 0x00, 0x00, 0x00, 0x00, 0x00, 0x00, 0x00, 0x00, 0x00,
  0x00, 0x00, 0x00, 0x00, 0x00, 0x00, 0x00, 0x00, 0x00, 0x00, 0x00, 0x00, 0x00, 0x00, 0x00, 0x00,
  0x00, 0x00, 0x00, 0x00, 0x00, 0x00, 0x00, 0x00, 0x00, 0x00, 0x00, 0x00, 0x00, 0x00, 0x00, 0x00,
  0x00, 0x00, 0x00, 0x00, 0x00, 0x00, 0x00, 0x00, 0x00, 0x00, 0x00, 0x00, 0x00, 0x00, 0x00, 0x00,
  0x00, 0x00, 0x00, 0x00, 0x00, 0x00, 0x00, 0x00, 0x00, 0x00, 0x00, 0x00, 0x00, 0x00, 0x00, 0x00,
  0x00, 0x00, 0x00, 0x00, 0x00, 0x00, 0x00, 0x00, 0x00, 0x00, 0x00, 0x00, 0x20, 0x00, 0x00, 0x00,
  0x5a, 0x59, 0xf8, 0x39, 0x54, 0x2a, 0xe3, 0x39, 0xdc, 0x22, 0xef, 0x39, 0xab, 0x3c, 0x45, 0x3a,
  0x06, 0x0f, 0xe1, 0x39, 0x3c, 0xc0, 0x25, 0x3a, 0x62, 0x03, 0x42, 0x3a, 0xc0, 0x05, 0x4b, 0x3a,
  0x74, 0x48, 0x13, 0x3a, 0x67, 0x93, 0xf5, 0x39, 0x5e, 0xc3, 0xce, 0x39, 0x0c, 0xdd, 0x02, 0x3a,
  0x29, 0xca, 0x65, 0x3a, 0xf8, 0xc9, 0x17, 0x3a, 0xf8, 0xef, 0x01, 0x3a, 0x67, 0xe5, 0x09, 0x3a,
  0x0a, 0x22, 0x03, 0x3a, 0x44, 0xb4, 0x14, 0x3a, 0x7b, 0x91, 0x25, 0x3a, 0x85, 0x1d, 0x08, 0x3a,
  0x24, 0x64, 0x32, 0x3a, 0x83, 0x4b, 0x3f, 0x3a, 0xbb, 0x46, 0x23, 0x3a, 0xce, 0xda, 0xfe, 0x39,
  0x16, 0x76, 0xce, 0x39, 0xb3, 0xb1, 0x1f, 0x3a, 0x9a, 0x6f, 0x32, 0x3a, 0xfc, 0x2c, 0x2f, 0x3a,
  0x2f, 0x3b, 0xf8, 0x39, 0xd6, 0xfb, 0x28, 0x3a, 0x54, 0x60, 0xf2, 0x39, 0xac, 0x32, 0x14, 0x3a,
  0x12, 0x00, 0x00, 0x00, 0x74, 0x66, 0x6c, 0x2e, 0x70, 0x73, 0x65, 0x75, 0x64, 0x6f, 0x5f, 0x71,
  0x63, 0x6f, 0x6e, 0x73, 0x74, 0x33, 0x00, 0x00, 0x01, 0x00, 0x00, 0x00, 0x20, 0x00, 0x00, 0x00,
  0x06, 0xef, 0xff, 0xff, 0x00, 0x00, 0x00, 0x01, 0x14, 0x00, 0x00, 0x00, 0xa8, 0x01, 0x00, 0x00,
  0x0b, 0x00, 0x00, 0x00, 0x00, 0x00, 0x00, 0x09, 0x20, 0x02, 0x00, 0x00, 0x32, 0xf6, 0xff, 0xff,
  0x03, 0x00, 0x00, 0x00, 0x08, 0x00, 0x00, 0x00, 0x08, 0x01, 0x00, 0x00, 0x20, 0x00, 0x00, 0x00,
  0x00, 0x00, 0x00, 0x00, 0x00, 0x00, 0x00, 0x00, 0x00, 0x00, 0x00, 0x00, 0x00, 0x00, 0x00, 0x00,
  0x00, 0x00, 0x00, 0x00, 0x00, 0x00, 0x00, 0x00, 0x00, 0x00, 0x00, 0x00, 0x00, 0x00, 0x00, 0x00,
  0x00, 0x00, 0x00, 0x00, 0x00, 0x00, 0x00, 0x00, 0x00, 0x00, 0x00, 0x00, 0x00, 0x00, 0x00, 0x00,
  0x00, 0x00, 0x00, 0x00, 0x00, 0x00, 0x00, 0x00, 0x00, 0x00, 0x00, 0x00, 0x00, 0x00, 0x00, 0x00,
  0x00, 0x00, 0x00, 0x00, 0x00, 0x00, 0x00, 0x00, 0x00, 0x00, 0x00, 0x00, 0x00, 0x00, 0x00, 0x00,
  0x00, 0x00, 0x00, 0x00, 0x00, 0x00, 0x00, 0x00, 0x00, 0x00, 0x00, 0x00, 0x00, 0x00, 0x00, 0x00,
  0x00, 0x00, 0x00, 0x00, 0x00, 0x00, 0x00, 0x00, 0x00, 0x00, 0x00, 0x00, 0x00, 0x00, 0x00, 0x00,
  0x00, 0x00, 0x00, 0x00, 0x00, 0x00, 0x00, 0x00, 0x00, 0x00, 0x00, 0x00, 0x00, 0x00, 0x00, 0x00,
  0x00, 0x00, 0x00, 0x00, 0x00, 0x00, 0x00, 0x00, 0x00, 0x00, 0x00, 0x00, 0x00, 0x00, 0x00, 0x00,
  0x00, 0x00, 0x00, 0x00, 0x00, 0x00, 0x00, 0x00, 0x00, 0x00, 0x00, 0x00, 0x00, 0x00, 0x00, 0x00,
  0x00, 0x00, 0x00, 0x00, 0x00, 0x00, 0x00, 0x00, 0x00, 0x00, 0x00, 0x00, 0x00, 0x00, 0x00, 0x00,
  0x00, 0x00, 0x00, 0x00, 0x00, 0x00, 0x00, 0x00, 0x00, 0x00, 0x00, 0x00, 0x00, 0x00, 0x00, 0x00,
  0x00, 0x00, 0x00, 0x00, 0x00, 0x00, 0x00, 0x00, 0x00, 0x00, 0x00, 0x00, 0x00, 0x00, 0x00, 0x00,
  0x00, 0x00, 0x00, 0x00, 0x00, 0x00, 0x00, 0x00, 0x00, 0x00, 0x00, 0x00, 0x00, 0x00, 0x00, 0x00,
  0x00, 0x00, 0x00, 0x00, 0x00, 0x00, 0x00, 0x00, 0x00, 0x00, 0x00, 0x00, 0x00, 0x00, 0x00, 0x00,
  0x00, 0x00, 0x00, 0x00, 0x00, 0x00, 0x00, 0x00, 0x00, 0x00, 0x00, 0x00, 0x00, 0x00, 0x00, 0x00,
  0x20, 0x00, 0x00, 0x00, 0x95, 0xec, 0x49, 0x3c, 0x4f, 0xb3, 0x38, 0x3c, 0xf9, 0x6e, 0x42, 0x3c,
  0xdf, 0x5d, 0xa0, 0x3c, 0xd1, 0xfc, 0x36, 0x3c, 0x35, 0xc4, 0x86, 0x3c, 0xdc, 0xbe, 0x9d, 0x3c,
  0x17, 0x12, 0xa5, 0x3c, 0x6b, 0x80, 0x6f, 0x3c, 0x59, 0xab, 0x47, 0x3c, 0xb2, 0x1c, 0x28, 0x3c,
  0x20, 0xcd, 0x54, 0x3c, 0x8d, 0xd5, 0xba, 0x3c, 0x2f, 0xd4, 0x76, 0x3c, 0x9c, 0x4b, 0x53, 0x3c,
  0xbd, 0x3c, 0x60, 0x3c, 0x51, 0x3d, 0x55, 0x3c, 0x07, 0xd0, 0x71, 0x3c, 0x31, 0x9e, 0x86, 0x3c,
  0x6b, 0x57, 0x5d, 0x3c, 0x37, 0x0b, 0x91, 0x3c, 0x12, 0x89, 0x9b, 0x3c, 0x21, 0xc1, 0x84, 0x3c,
  0xb5, 0x36, 0x4f, 0x3c, 0xdd, 0xdd, 0x27, 0x3c, 0x85, 0xd7, 0x81, 0x3c, 0x88, 0x14, 0x91, 0x3c,
  0xee, 0x6d, 0x8e, 0x3c, 0x0e, 0xd4, 0x49, 0x3c, 0x1a, 0x65, 0x89, 0x3c, 0x63, 0x11, 0x45, 0x3c,
  0x49, 0xfd, 0x70, 0x3c, 0x7c, 0x00, 0x00, 0x00, 0x6d, 0x6f, 0x64, 0x65, 0x6c, 0x5f, 0x31, 0x2f,
  0x71, 0x75, 0x61, 0x6e, 0x74, 0x5f, 0x64, 0x65, 0x70, 0x74, 0x68, 0x77, 0x69, 0x73, 0x65, 0x5f,
  0x63, 0x6f, 0x6e, 0x76, 0x32, 0x64, 0x5f, 0x34, 0x2f, 0x64, 0x65, 0x70, 0x74, 0x68, 0x77, 0x69,
  0x73, 0x65, 0x3b, 0x6d, 0x6f, 0x64, 0x65, 0x6c, 0x5f, 0x31, 0x2f, 0x71, 0x75, 0x61, 0x6e, 0x74,
  0x5f, 0x64, 0x65, 0x70, 0x74, 0x68, 0x77, 0x69, 0x73, 0x65, 0x5f, 0x63, 0x6f, 0x6e, 0x76, 0x32,
  0x64, 0x5f, 0x34, 0x2f, 0x4c, 0x61, 0x73, 0x74, 0x56, 0x61, 0x6c, 0x75, 0x65, 0x51, 0x75, 0x61,
  0x6e, 0x74, 0x2f, 0x46, 0x61, 0x6b, 0x65, 0x51, 0x75, 0x61, 0x6e, 0x74, 0x57, 0x69, 0x74, 0x68,
  0x4d, 0x69, 0x6e, 0x4d, 0x61, 0x78, 0x56, 0x61, 0x72, 0x73, 0x50, 0x65, 0x72, 0x43, 0x68, 0x61,
  0x6e, 0x6e, 0x65, 0x6c, 0x00, 0x00, 0x00, 0x00, 0x04, 0x00, 0x00, 0x00, 0x01, 0x00, 0x00, 0x00,
  0x03, 0x00, 0x00, 0x00, 0x03, 0x00, 0x00, 0x00, 0x20, 0x00, 0x00, 0x00, 0x52, 0xf1, 0xff, 0xff,
  0x00, 0x00, 0x00, 0x01, 0x14, 0x00, 0x00, 0x00, 0x34, 0x00, 0x00, 0x00, 0x0a, 0x00, 0x00, 0x00,
  0x00, 0x00, 0x00, 0x09, 0x9c, 0x00, 0x00, 0x00, 0x3c, 0xf1, 0xff, 0xff, 0x08, 0x00, 0x00, 0x00,
  0x14, 0x00, 0x00, 0x00, 0x01, 0x00, 0x00, 0x00, 0xbf, 0xff, 0xff, 0xff, 0xff, 0xff, 0xff, 0xff,
  0x00, 0x00, 0x00, 0x00, 0x01, 0x00, 0x00, 0x00, 0xc5, 0x6d, 0x1d, 0x3d, 0x6d, 0x00, 0x00, 0x00,
  0x6d, 0x6f, 0x64, 0x65, 0x6c, 0x5f, 0x31, 0x2f, 0x71, 0x75, 0x61, 0x6e, 0x74, 0x5f, 0x72, 0x65,
  0x5f, 0x6c, 0x75, 0x5f, 0x39, 0x2f, 0x52, 0x65, 0x6c, 0x75, 0x3b, 0x6d, 0x6f, 0x64, 0x65, 0x6c,
  0x5f, 0x31, 0x2f, 0x71, 0x75, 0x61, 0x6e, 0x74, 0x5f, 0x62, 0x61, 0x74, 0x63, 0x68, 0x5f, 0x6e,
  0x6f, 0x72, 0x6d, 0x61, 0x6c, 0x69, 0x7a, 0x61, 0x74, 0x69, 0x6f, 0x6e, 0x5f, 0x39, 0x2f, 0x46,
  0x75, 0x73, 0x65, 0x64, 0x42, 0x61, 0x74, 0x63, 0x68, 0x4e, 0x6f, 0x72, 0x6d, 0x56, 0x33, 0x3b,
  0x6d, 0x6f, 0x64, 0x65, 0x6c, 0x5f, 0x31, 0x2f, 0x71, 0x75, 0x61, 0x6e, 0x74, 0x5f, 0x63, 0x6f,
  0x6e, 0x76, 0x32, 0x64, 0x5f, 0x35, 0x2f, 0x43, 0x6f, 0x6e, 0x76, 0x32, 0x44, 0x00, 0x00, 0x00,
  0x04, 0x00, 0x00, 0x00, 0x01, 0x00, 0x00, 0x00, 0x0c, 0x00, 0x00, 0x00, 0x0a, 0x00, 0x00, 0x00,
  0x20, 0x00, 0x00, 0x00, 0x1a, 0xf2, 0xff, 0xff, 0x00, 0x00, 0x00, 0x01, 0x14, 0x00, 0x00, 0x00,
  0xa4, 0x01, 0x00, 0x00, 0x09, 0x00, 0x00, 0x00, 0x00, 0x00, 0x00, 0x02, 0xb0, 0x01, 0x00, 0x00,
  0x04, 0xf2, 0xff, 0xff, 0x08, 0x00, 0x00, 0x00, 0x08, 0x01, 0x00, 0x00, 0x20, 0x00, 0x00, 0x00,
  0x00, 0x00, 0x00, 0x00, 0x00, 0x00, 0x00, 0x00, 0x00, 0x00, 0x00, 0x00, 0x00, 0x00, 0x00, 0x00,
  0x00, 0x00, 0x00, 0x00, 0x00, 0x00, 0x00, 0x00, 0x00, 0x00, 0x00, 0x00, 0x00, 0x00, 0x00, 0x00,
  0x00, 0x00, 0x00, 0x00, 0x00, 0x00, 0x00, 0x00, 0x00, 0x00, 0x00, 0x00, 0x00, 0x00, 0x00, 0x00,
  0x00, 0x00, 0x00, 0x00, 0x00, 0x00, 0x00, 0x00, 0x00, 0x00, 0x00, 0x00, 0x00, 0x00, 0x00, 0x00,
  0x00, 0x00, 0x00, 0x00, 0x00, 0x00, 0x00, 0x00, 0x00, 0x00, 0x00, 0x00, 0x00, 0x00, 0x00, 0x00,
  0x00, 0x00, 0x00, 0x00, 0x00, 0x00, 0x00, 0x00, 0x00, 0x00, 0x00, 0x00, 0x00, 0x00, 0x00, 0x00,
  0x00, 0x00, 0x00, 0x00, 0x00, 0x00, 0x00, 0x00, 0x00, 0x00, 0x00, 0x00, 0x00, 0x00, 0x00, 0x00,
  0x00, 0x00, 0x00, 0x00, 0x00, 0x00, 0x00, 0x00, 0x00, 0x00, 0x00, 0x00, 0x00, 0x00, 0x00, 0x00,
  0x00, 0x00, 0x00, 0x00, 0x00, 0x00, 0x00, 0x00, 0x00, 0x00, 0x00, 0x00, 0x00, 0x00, 0x00, 0x00,
  0x00, 0x00, 0x00, 0x00, 0x00, 0x00, 0x00, 0x00, 0x00, 0x00, 0x00, 0x00, 0x00, 0x00, 0x00, 0x00,
  0x00, 0x00, 0x00, 0x00, 0x00, 0x00, 0x00, 0x00, 0x00, 0x00, 0x00, 0x00, 0x00, 0x00, 0x00, 0x00,
  0x00, 0x00, 0x00, 0x00, 0x00, 0x00, 0x00, 0x00, 0x00, 0x00, 0x00, 0x00, 0x00, 0x00, 0x00, 0x00,
  0x00, 0x00, 0x00, 0x00, 0x00, 0x00, 0x00, 0x00, 0x00, 0x00, 0x00, 0x00, 0x00, 0x00, 0x00, 0x00,
  0x00, 0x00, 0x00, 0x00, 0x00, 0x00, 0x00, 0x00, 0x00, 0x00, 0x00, 0x00, 0x00, 0x00, 0x00, 0x00,
  0x00, 0x00, 0x00, 0x00, 0x00, 0x00, 0x00, 0x00, 0x00, 0x00, 0x00, 0x00, 0x00, 0x00, 0x00, 0x00,
  0x00, 0x00, 0x00, 0x00, 0x00, 0x00, 0x00, 0x00, 0x00, 0x00, 0x00, 0x00, 0x00, 0x00, 0x00, 0x00,
  0x20, 0x00, 0x00, 0x00, 0x1c, 0x86, 0x3d, 0x39, 0xdc, 0x76, 0x51, 0x39, 0xc3, 0xc0, 0x3f, 0x39,
  0xbf, 0x2a, 0x27, 0x39, 0xc7, 0x41, 0x48, 0x39, 0x41, 0x8b, 0x37, 0x39, 0xc0, 0x0c, 0x02, 0x39,
  0x27, 0x90, 0x4c, 0x39, 0xd3, 0xa7, 0x87, 0x39, 0xe8, 0x52, 0x49, 0x39, 0x35, 0x32, 0x50, 0x39,
  0x65, 0x7e, 0x13, 0x39, 0x19, 0xba, 0x52, 0x39, 0xbb, 0x62, 0x4e, 0x39, 0x91, 0x95, 0x2a, 0x39,
  0x3d, 0xe7, 0x36, 0x39, 0xea, 0x4b, 0x5d, 0x39, 0x65, 0x44, 0x45, 0x39, 0x69, 0xe3, 0x28, 0x39,
  0xf0, 0x52, 0xfb, 0x38, 0xb2, 0xb2, 0x20, 0x39, 0x65, 0x6b, 0x57, 0x39, 0x26, 0xbe, 0x28, 0x39,
  0x84, 0x97, 0x31, 0x39, 0x48, 0x18, 0x42, 0x39, 0x22, 0xba, 0x4b, 0x39, 0x9f, 0xb3, 0x5f, 0x39,
  0xdd, 0xdb, 0x6e, 0x39, 0x62, 0x8b, 0x57, 0x39, 0xf1, 0xdb, 0x39, 0x39, 0x33, 0x7a, 0x70, 0x39,
  0xd4, 0x88, 0x12, 0x39, 0x12, 0x00, 0x00, 0x00, 0x74, 0x66, 0x6c, 0x2e, 0x70, 0x73, 0x65, 0x75,
  0x64, 0x6f, 0x5f, 0x71, 0x63, 0x6f, 0x6e, 0x73, 0x74, 0x34, 0x00, 0x00, 0x01, 0x00, 0x00, 0x00,
  0x20, 0x00, 0x00, 0x00, 0xea, 0xf3, 0xff, 0xff, 0x00, 0x00, 0x00, 0x01, 0x14, 0x00, 0x00, 0x00,
  0xa4, 0x01, 0x00, 0x00, 0x08, 0x00, 0x00, 0x00, 0x00, 0x00, 0x00, 0x09, 0x04, 0x02, 0x00, 0x00,
  0xd4, 0xf3, 0xff, 0xff, 0x08, 0x00, 0x00, 0x00, 0x08, 0x01, 0x00, 0x00, 0x20, 0x00, 0x00, 0x00,
  0x00, 0x00, 0x00, 0x00, 0x00, 0x00, 0x00, 0x00, 0x00, 0x00, 0x00, 0x00, 0x00, 0x00, 0x00, 0x00,
  0x00, 0x00, 0x00, 0x00, 0x00, 0x00, 0x00, 0x00, 0x00, 0x00, 0x00, 0x00, 0x00, 0x00, 0x00, 0x00,
  0x00, 0x00, 0x00, 0x00, 0x00, 0x00, 0x00, 0x00, 0x00, 0x00, 0x00, 0x00, 0x00, 0x00, 0x00, 0x00,
  0x00, 0x00, 0x00, 0x00, 0x00, 0x00, 0x00, 0x00, 0x00, 0x00, 0x00, 0x00, 0x00, 0x00, 0x00, 0x00,
  0x00, 0x00, 0x00, 0x00, 0x00, 0x00, 0x00, 0x00, 0x00, 0x00, 0x00, 0x00, 0x00, 0x00, 0x00, 0x00,
  0x00, 0x00, 0x00, 0x00, 0x00, 0x00, 0x00, 0x00, 0x00, 0x00, 0x00, 0x00, 0x00, 0x00, 0x00, 0x00,
  0x00, 0x00, 0x00, 0x00, 0x00, 0x00, 0x00, 0x00, 0x00, 0x00, 0x00, 0x00, 0x00, 0x00, 0x00, 0x00,
  0x00, 0x00, 0x00, 0x00, 0x00, 0x00, 0x00, 0x00, 0x00, 0x00, 0x00, 0x00, 0x00, 0x00, 0x00, 0x00,
  0x00, 0x00, 0x00, 0x00, 0x00, 0x00, 0x00, 0x00, 0x00, 0x00, 0x00, 0x00, 0x00, 0x00, 0x00, 0x00,
  0x00, 0x00, 0x00, 0x00, 0x00, 0x00, 0x00, 0x00, 0x00, 0x00, 0x00, 0x00, 0x00, 0x00, 0x00, 0x00,
  0x00, 0x00, 0x00, 0x00, 0x00, 0x00, 0x00, 0x00, 0x00, 0x00, 0x00, 0x00, 0x00, 0x00, 0x00, 0x00,
  0x00, 0x00, 0x00, 0x00, 0x00, 0x00, 0x00, 0x00, 0x00, 0x00, 0x00, 0x00, 0x00, 0x00, 0x00, 0x00,
  0x00, 0x00, 0x00, 0x00, 0x00, 0x00, 0x00, 0x00, 0x00, 0x00, 0x00, 0x00, 0x00, 0x00, 0x00, 0x00,
  0x00, 0x00, 0x00, 0x00, 0x00, 0x00, 0x00, 0x00, 0x00, 0x00, 0x00, 0x00, 0x00, 0x00, 0x00, 0x00,
  0x00, 0x00, 0x00, 0x00, 0x00, 0x00, 0x00, 0x00, 0x00, 0x00, 0x00, 0x00, 0x00, 0x00, 0x00, 0x00,
  0x00, 0x00, 0x00, 0x00, 0x00, 0x00, 0x00, 0x00, 0x00, 0x00, 0x00, 0x00, 0x00, 0x00, 0x00, 0x00,
  0x20, 0x00, 0x00, 0x00, 0x69, 0x41, 0x8f, 0x3b, 0xf2, 0x53, 0x9e, 0x3b, 0xc1, 0xf0, 0x90, 0x3b,
  0x95, 0xb6, 0x7c, 0x3b, 0x4b, 0x5e, 0x97, 0x3b, 0x48, 0xbc, 0x8a, 0x3b, 0x06, 0x9a, 0x44, 0x3b,
  0x8c, 0x9f, 0x9a, 0x3b, 0x7c, 0x13, 0xcd, 0x3b, 0xbe, 0x2c, 0x98, 0x3b, 0x8c, 0x5e, 0x9d, 0x3b,
  0xeb, 0xf8, 0x5e, 0x3b, 0x45, 0x48, 0x9f, 0x3b, 0x38, 0x00, 0x9c, 0x3b, 0x8a, 0xf0, 0x80, 0x3b,
  0x50, 0x40, 0x8a, 0x3b, 0x84, 0x45, 0xa7, 0x3b, 0xc4, 0x1b, 0x95, 0x3b, 0xc1, 0x50, 0x7f, 0x3b,
  0xea, 0xf7, 0x3d, 0x3b, 0x10, 0xef, 0x72, 0x3b, 0x4b, 0xd4, 0xa2, 0x3b, 0x6c, 0x18, 0x7f, 0x3b,
  0x89, 0x3c, 0x86, 0x3b, 0xe9, 0xb5, 0x92, 0x3b, 0xc7, 0xfd, 0x99, 0x3b, 0xe9, 0x16, 0xa9, 0x3b,
  0xdf, 0x8b, 0xb4, 0x3b, 0x79, 0xec, 0xa2, 0x3b, 0x47, 0x7c, 0x8c, 0x3b, 0x0f, 0xc5, 0xb5, 0x3b,
  0xb0, 0x85, 0x5d, 0x3b, 0x65, 0x00, 0x00, 0x00, 0x6d, 0x6f, 0x64, 0x65, 0x6c, 0x5f, 0x31, 0x2f,
  0x71, 0x75, 0x61, 0x6e, 0x74, 0x5f, 0x63, 0x6f, 0x6e, 0x76, 0x32, 0x64, 0x5f, 0x35, 0x2f, 0x43,
  0x6f, 0x6e, 0x76, 0x32, 0x44, 0x3b, 0x6d, 0x6f, 0x64, 0x65, 0x6c, 0x5f, 0x31, 0x2f, 0x71, 0x75,
  0x61, 0x6e, 0x74, 0x5f, 0x63, 0x6f, 0x6e, 0x76, 0x32, 0x64, 0x5f, 0x35, 0x2f, 0x4c, 0x61, 0x73,
  0x74, 0x56, 0x61, 0x6c, 0x75, 0x65, 0x51, 0x75, 0x61, 0x6e, 0x74, 0x2f, 0x46, 0x61, 0x6b, 0x65,
  0x51, 0x75, 0x61, 0x6e, 0x74, 0x57, 0x69, 0x74, 0x68, 0x4d, 0x69, 0x6e, 0x4d, 0x61, 0x78, 0x56,
  0x61, 0x72, 0x73, 0x50, 0x65, 0x72, 0x43, 0x68, 0x61, 0x6e, 0x6e, 0x65, 0x6c, 0x00, 0x00, 0x00,
  0x04, 0x00, 0x00, 0x00, 0x20, 0x00, 0x00, 0x00, 0x01, 0x00, 0x00, 0x00, 0x01, 0x00, 0x00, 0x00,
  0x20, 0x00, 0x00, 0x00, 0x1a, 0xf6, 0xff, 0xff, 0x00, 0x00, 0x00, 0x01, 0x14, 0x00, 0x00, 0x00,
  0x30, 0x00, 0x00, 0x00, 0x07, 0x00, 0x00, 0x00, 0x00, 0x00, 0x00, 0x09, 0xa4, 0x00, 0x00, 0x00,
  0x04, 0xf6, 0xff, 0xff, 0x08, 0x00, 0x00, 0x00, 0x10, 0x00, 0x00, 0x00, 0x01, 0x00, 0x00, 0x00,
  0xbb, 0xff, 0xff, 0xff, 0xff, 0xff, 0xff, 0xff, 0x01, 0x00, 0x00, 0x00, 0x56, 0x57, 0x29, 0x3d,
  0x7a, 0x00, 0x00, 0x00, 0x6d, 0x6f, 0x64, 0x65, 0x6c, 0x5f, 0x31, 0x2f, 0x71, 0x75, 0x61, 0x6e,
  0x74, 0x5f, 0x72, 0x65, 0x5f, 0x6c, 0x75, 0x5f, 0x38, 0x2f, 0x52, 0x65, 0x6c, 0x75, 0x3b, 0x6d,
  0x6f, 0x64, 0x65, 0x6c, 0x5f, 0x31, 0x2f, 0x71, 0x75, 0x61, 0x6e, 0x74, 0x5f, 0x62, 0x61, 0x74,
  0x63, 0x68, 0x5f, 0x6e, 0x6f, 0x72, 0x6d, 0x61, 0x6c, 0x69, 0x7a, 0x61, 0x74, 0x69, 0x6f, 0x6e,
  0x5f, 0x38, 0x2f, 0x46, 0x75, 0x73, 0x65, 0x64, 0x42, 0x61, 0x74, 0x63, 0x68, 0x4e, 0x6f, 0x72,
  0x6d, 0x56, 0x33, 0x3b, 0x6d, 0x6f, 0x64, 0x65, 0x6c, 0x5f, 0x31, 0x2f, 0x71, 0x75, 0x61, 0x6e,
  0x74, 0x5f, 0x64, 0x65, 0x70, 0x74, 0x68, 0x77, 0x69, 0x73, 0x65, 0x5f, 0x63, 0x6f, 0x6e, 0x76,
  0x32, 0x64, 0x5f, 0x33, 0x2f, 0x64, 0x65, 0x70, 0x74, 0x68, 0x77, 0x69, 0x73, 0x65, 0x00, 0x00,
  0x04, 0x00, 0x00, 0x00, 0x01, 0x00, 0x00, 0x00, 0x0c, 0x00, 0x00, 0x00, 0x0a, 0x00, 0x00, 0x00,
  0x20, 0x00, 0x00, 0x00, 0xea, 0xf6, 0xff, 0xff, 0x00, 0x00, 0x00, 0x01, 0x14, 0x00, 0x00, 0x00,
  0xa4, 0x01, 0x00, 0x00, 0x06, 0x00, 0x00, 0x00, 0x00, 0x00, 0x00, 0x02, 0xb0, 0x01, 0x00, 0x00,
  0xd4, 0xf6, 0xff, 0xff, 0x08, 0x00, 0x00, 0x00, 0x08, 0x01, 0x00, 0x00, 0x20, 0x00, 0x00, 0x00,
  0x00, 0x00, 0x00, 0x00, 0x00, 0x00, 0x00, 0x00, 0x00, 0x00, 0x00, 0x00, 0x00, 0x00, 0x00, 0x00,
  0x00, 0x00, 0x00, 0x00, 0x00, 0x00, 0x00, 0x00, 0x00, 0x00, 0x00, 0x00, 0x00, 0x00, 0x00, 0x00,
  0x00, 0x00, 0x00, 0x00, 0x00, 0x00, 0x00, 0x00, 0x00, 0x00, 0x00, 0x00, 0x00, 0x00, 0x00, 0x00,
  0x00, 0x00, 0x00, 0x00, 0x00, 0x00, 0x00, 0x00, 0x00, 0x00, 0x00, 0x00, 0x00, 0x00, 0x00, 0x00,
  0x00, 0x00, 0x00, 0x00, 0x00, 0x00, 0x00, 0x00, 0x00, 0x00, 0x00, 0x00, 0x00, 0x00, 0x00, 0x00,
  0x00, 0x00, 0x00, 0x00, 0x00, 0x00, 0x00, 0x00, 0x00, 0x00, 0x00, 0x00, 0x00, 0x00, 0x00, 0x00,
  0x00, 0x00, 0x00, 0x00, 0x00, 0x00, 0x00, 0x00, 0x00, 0x00, 0x00, 0x00, 0x00, 0x00, 0x00, 0x00,
  0x00, 0x00, 0x00, 0x00, 0x00, 0x00, 0x00, 0x00, 0x00, 0x00, 0x00, 0x00, 0x00, 0x00, 0x00, 0x00,
  0x00, 0x00, 0x00, 0x00, 0x00, 0x00, 0x00, 0x00, 0x00, 0x00, 0x00, 0x00, 0x00, 0x00, 0x00, 0x00,
  0x00, 0x00, 0x00, 0x00, 0x00, 0x00, 0x00, 0x00, 0x00, 0x00, 0x00, 0x00, 0x00, 0x00, 0x00, 0x00,
  0x00, 0x00, 0x00, 0x00, 0x00, 0x00, 0x00, 0x00, 0x00, 0x00, 0x00, 0x00, 0x00, 0x00, 0x00, 0x00,
  0x00, 0x00, 0x00, 0x00, 0x00, 0x00, 0x00, 0x00, 0x00, 0x00, 0x00, 0x00, 0x00, 0x00, 0x00, 0x00,
  0x00, 0x00, 0x00, 0x00, 0x00, 0x00, 0x00, 0x00, 0x00, 0x00, 0x00, 0x00, 0x00, 0x00, 0x00, 0x00,
  0x00, 0x00, 0x00, 0x00, 0x00, 0x00, 0x00, 0x00, 0x00, 0x00, 0x00, 0x00, 0x00, 0x00, 0x00, 0x00,
  0x00, 0x00, 0x00, 0x00, 0x00, 0x00, 0x00, 0x00, 0x00, 0x00, 0x00, 0x00, 0x00, 0x00, 0x00, 0x00,
  0x00, 0x00, 0x00, 0x00, 0x00, 0x00, 0x00, 0x00, 0x00, 0x00, 0x00, 0x00, 0x00, 0x00, 0x00, 0x00,
  0x20, 0x00, 0x00, 0x00, 0x9b, 0x57, 0xc1, 0x39, 0x80, 0xae, 0xdc, 0x39, 0x47, 0x2a, 0x7b, 0x39,
  0x8b, 0x1b, 0xda, 0x39, 0x62, 0x2c, 0x04, 0x3a, 0xff, 0xda, 0xcf, 0x39, 0xa8, 0x3b, 0x05, 0x3a,
  0x36, 0x63, 0x3b, 0x3a, 0xc8, 0x57, 0x35, 0x3a, 0x0b, 0x3b, 0x34, 0x3a, 0xae, 0x87, 0x0f, 0x3a,
  0xe2, 0x3c, 0x41, 0x3a, 0x10, 0x45, 0x03, 0x3a, 0xc7, 0x2f, 0x49, 0x3a, 0x36, 0xcf, 0x24, 0x3a,
  0xa0, 0xf0, 0xa7, 0x39, 0xba, 0x92, 0xf4, 0x39, 0xdd, 0x1d, 0x09, 0x3a, 0xaf, 0x64, 0xf1, 0x39,
  0x09, 0xec, 0x0e, 0x3a, 0x62, 0xac, 0xd4, 0x39, 0x74, 0x81, 0xb6, 0x39, 0x46, 0xa9, 0xf4, 0x39,
  0x32, 0xfa, 0x4b, 0x39, 0x3a, 0x66, 0xea, 0x39, 0x4e, 0xc3, 0x08, 0x3a, 0x1a, 0x98, 0xf9, 0x39,
  0x7e, 0x63, 0xf5, 0x39, 0x4d, 0x0a, 0x2a, 0x3a, 0xe4, 0x53, 0xbf, 0x39, 0xfc, 0xa5, 0x2f, 0x3a,
  0x62, 0x78, 0x91, 0x3a, 0x12, 0x00, 0x00, 0x00, 0x74, 0x66, 0x6c, 0x2e, 0x70, 0x73, 0x65, 0x75,
  0x64, 0x6f, 0x5f, 0x71, 0x63, 0x6f, 0x6e, 0x73, 0x74, 0x35, 0x00, 0x00, 0x01, 0x00, 0x00, 0x00,
  0x20, 0x00, 0x00, 0x00, 0x00, 0x00, 0x16, 0x00, 0x1e, 0x00, 0x18, 0x00, 0x17, 0x00, 0x10, 0x00,
  0x0c, 0x00, 0x08, 0x00, 0x00, 0x00, 0x00, 0x00, 0x00, 0x00, 0x07, 0x00, 0x16, 0x00, 0x00, 0x00,
  0x00, 0x00, 0x00, 0x01, 0x28, 0x00, 0x00, 0x00, 0xbc, 0x01, 0x00, 0x00, 0x05, 0x00, 0x00, 0x00,
  0x00, 0x00, 0x00, 0x09, 0x34, 0x02, 0x00, 0x00, 0x00, 0x00, 0x12, 0x00, 0x10, 0x00, 0x00, 0x00,
  0x00, 0x00, 0x0c, 0x00, 0x08, 0x00, 0x00, 0x00, 0x00, 0x00, 0x04, 0x00, 0x12, 0x00, 0x00, 0x00,
  0x03, 0x00, 0x00, 0x00, 0x08, 0x00, 0x00, 0x00, 0x08, 0x01, 0x00, 0x00, 0x20, 0x00, 0x00, 0x00,
  0x00, 0x00, 0x00, 0x00, 0x00, 0x00, 0x00, 0x00, 0x00, 0x00, 0x00, 0x00, 0x00, 0x00, 0x00, 0x00,
  0x00, 0x00, 0x00, 0x00, 0x00, 0x00, 0x00, 0x00, 0x00, 0x00, 0x00, 0x00, 0x00, 0x00, 0x00, 0x00,
  0x00, 0x00, 0x00, 0x00, 0x00, 0x00, 0x00, 0x00, 0x00, 0x00, 0x00, 0x00, 0x00, 0x00, 0x00, 0x00,
  0x00, 0x00, 0x00, 0x00, 0x00, 0x00, 0x00, 0x00, 0x00, 0x00, 0x00, 0x00, 0x00, 0x00, 0x00, 0x00,
  0x00, 0x00, 0x00, 0x00, 0x00, 0x00, 0x00, 0x00, 0x00, 0x00, 0x00, 0x00, 0x00, 0x00, 0x00, 0x00,
  0x00, 0x00, 0x00, 0x00, 0x00, 0x00, 0x00, 0x00, 0x00, 0x00, 0x00, 0x00, 0x00, 0x00, 0x00, 0x00,
  0x00, 0x00, 0x00, 0x00, 0x00, 0x00, 0x00, 0x00, 0x00, 0x00, 0x00, 0x00, 0x00, 0x00, 0x00, 0x00,
  0x00, 0x00, 0x00, 0x00, 0x00, 0x00, 0x00, 0x00, 0x00, 0x00, 0x00, 0x00, 0x00, 0x00, 0x00, 0x00,
  0x00, 0x00, 0x00, 0x00, 0x00, 0x00, 0x00, 0x00, 0x00, 0x00, 0x00, 0x00, 0x00, 0x00, 0x00, 0x00,
  0x00, 0x00, 0x00, 0x00, 0x00, 0x00, 0x00, 0x00, 0x00, 0x00, 0x00, 0x00, 0x00, 0x00, 0x00, 0x00,
  0x00, 0x00, 0x00, 0x00, 0x00, 0x00, 0x00, 0x00, 0x00, 0x00, 0x00, 0x00, 0x00, 0x00, 0x00, 0x00,
  0x00, 0x00, 0x00, 0x00, 0x00, 0x00, 0x00, 0x00, 0x00, 0x00, 0x00, 0x00, 0x00, 0x00, 0x00, 0x00,
  0x00, 0x00, 0x00, 0x00, 0x00, 0x00, 0x00, 0x00, 0x00, 0x00, 0x00, 0x00, 0x00, 0x00, 0x00, 0x00,
  0x00, 0x00, 0x00, 0x00, 0x00, 0x00, 0x00, 0x00, 0x00, 0x00, 0x00, 0x00, 0x00, 0x00, 0x00, 0x00,
  0x00, 0x00, 0x00, 0x00, 0x00, 0x00, 0x00, 0x00, 0x00, 0x00, 0x00, 0x00, 0x00, 0x00, 0x00, 0x00,
  0x00, 0x00, 0x00, 0x00, 0x00, 0x00, 0x00, 0x00, 0x00, 0x00, 0x00, 0x00, 0x00, 0x00, 0x00, 0x00,
  0x20, 0x00, 0x00, 0x00, 0x1b, 0x79, 0x3a, 0x3c, 0x56, 0xd7, 0x54, 0x3c, 0xdc, 0x3d, 0xf2, 0x3b,
  0xcb, 0x5b, 0x52, 0x3c, 0x74, 0xf4, 0x7e, 0x3c, 0x7e, 0x78, 0x48, 0x3c, 0xdd, 0x7f, 0x80, 0x3c,
  0xde, 0xba, 0xb4, 0x3c, 0x6b, 0xe6, 0xae, 0x3c, 0xcb, 0xd3, 0xad, 0x3c, 0x3b, 0x6e, 0x8a, 0x3c,
  0x55, 0x5f, 0xba, 0x3c, 0x41, 0x36, 0x7d, 0x3c, 0xee, 0x09, 0xc2, 0x3c, 0x39, 0xf4, 0x9e, 0x3c,
  0x2a, 0xf9, 0x21, 0x3c, 0x43, 0xe2, 0x6b, 0x3c, 0xc0, 0x3e, 0x84, 0x3c, 0x24, 0xd1, 0x68, 0x3c,
  0x1f, 0xd8, 0x89, 0x3c, 0x0f, 0x1e, 0x4d, 0x3c, 0x83, 0x05, 0x30, 0x3c, 0x02, 0xf8, 0x6b, 0x3c,
  0xf7, 0xba, 0xc4, 0x3b, 0x4c, 0x12, 0x62, 0x3c, 0x68, 0xe7, 0x83, 0x3c, 0xf9, 0xb9, 0x70, 0x3c,
  0x9d, 0xab, 0x6c, 0x3c, 0xbc, 0xff, 0xa3, 0x3c, 0xb6, 0x87, 0x38, 0x3c, 0x69, 0x68, 0xa9, 0x3c,
  0x4a, 0x4d, 0x0c, 0x3d, 0x7c, 0x00, 0x00, 0x00, 0x6d, 0x6f, 0x64, 0x65, 0x6c, 0x5f, 0x31, 0x2f,
  0x71, 0x75, 0x61, 0x6e, 0x74, 0x5f, 0x64, 0x65, 0x70, 0x74, 0x68, 0x77, 0x69, 0x73, 0x65, 0x5f,
  0x63, 0x6f, 0x6e, 0x76, 0x32, 0x64, 0x5f, 0x33, 0x2f, 0x64, 0x65, 0x70, 0x74, 0x68, 0x77, 0x69,
  0x73, 0x65, 0x3b, 0x6d, 0x6f, 0x64, 0x65, 0x6c, 0x5f, 0x31, 0x2f, 0x71, 0x75, 0x61, 0x6e, 0x74,
  0x5f, 0x64, 0x65, 0x70, 0x74, 0x68, 0x77, 0x69, 0x73, 0x65, 0x5f, 0x63, 0x6f, 0x6e, 0x76, 0x32,
  0x64, 0x5f, 0x33, 0x2f, 0x4c, 0x61, 0x73, 0x74, 0x56, 0x61, 0x6c, 0x75, 0x65, 0x51, 0x75, 0x61,
  0x6e, 0x74, 0x2f, 0x46, 0x61, 0x6b, 0x65, 0x51, 0x75, 0x61, 0x6e, 0x74, 0x57, 0x69, 0x74, 0x68,
  0x4d, 0x69, 0x6e, 0x4d, 0x61, 0x78, 0x56, 0x61, 0x72, 0x73, 0x50, 0x65, 0x72, 0x43, 0x68, 0x61,
  0x6e, 0x6e, 0x65, 0x6c, 0x00, 0x00, 0x00, 0x00, 0x04, 0x00, 0x00, 0x00, 0x01, 0x00, 0x00, 0x00,
  0x03, 0x00, 0x00, 0x00, 0x03, 0x00, 0x00, 0x00, 0x20, 0x00, 0x00, 0x00, 0x32, 0xfb, 0xff, 0xff,
  0x00, 0x00, 0x00, 0x01, 0x14, 0x00, 0x00, 0x00, 0x34, 0x00, 0x00, 0x00, 0x04, 0x00, 0x00, 0x00,
  0x00, 0x00, 0x00, 0x09, 0x9c, 0x00, 0x00, 0x00, 0x1c, 0xfb, 0xff, 0xff, 0x08, 0x00, 0x00, 0x00,
  0x14, 0x00, 0x00, 0x00, 0x01, 0x00, 0x00, 0x00, 0xcb, 0xff, 0xff, 0xff, 0xff, 0xff, 0xff, 0xff,
  0x00, 0x00, 0x00, 0x00, 0x01, 0x00, 0x00, 0x00, 0x15, 0xb7, 0x04, 0x3d, 0x6d, 0x00, 0x00, 0x00,
  0x6d, 0x6f, 0x64, 0x65, 0x6c, 0x5f, 0x31, 0x2f, 0x71, 0x75, 0x61, 0x6e, 0x74, 0x5f, 0x72, 0x65,
  0x5f, 0x6c, 0x75, 0x5f, 0x37, 0x2f, 0x52, 0x65, 0x6c, 0x75, 0x3b, 0x6d, 0x6f, 0x64, 0x65, 0x6c,
  0x5f, 0x31, 0x2f, 0x71, 0x75, 0x61, 0x6e, 0x74, 0x5f, 0x62, 0x61, 0x74, 0x63, 0x68, 0x5f, 0x6e,
  0x6f, 0x72, 0x6d, 0x61, 0x6c, 0x69, 0x7a, 0x61, 0x74, 0x69, 0x6f, 0x6e, 0x5f, 0x37, 0x2f, 0x46,
  0x75, 0x73, 0x65, 0x64, 0x42, 0x61, 0x74, 0x63, 0x68, 0x4e, 0x6f, 0x72, 0x6d, 0x56, 0x33, 0x3b,
  0x6d, 0x6f, 0x64, 0x65, 0x6c, 0x5f, 0x31, 0x2f, 0x71, 0x75, 0x61, 0x6e, 0x74, 0x5f, 0x63, 0x6f,
  0x6e, 0x76, 0x32, 0x64, 0x5f, 0x34, 0x2f, 0x43, 0x6f, 0x6e, 0x76, 0x32, 0x44, 0x00, 0x00, 0x00,
  0x04, 0x00, 0x00, 0x00, 0x01, 0x00, 0x00, 0x00, 0x0c, 0x00, 0x00, 0x00, 0x0a, 0x00, 0x00, 0x00,
  0x20, 0x00, 0x00, 0x00, 0xfa, 0xfb, 0xff, 0xff, 0x00, 0x00, 0x00, 0x01, 0x14, 0x00, 0x00, 0x00,
  0xa4, 0x01, 0x00, 0x00, 0x03, 0x00, 0x00, 0x00, 0x00, 0x00, 0x00, 0x02, 0xb0, 0x01, 0x00, 0x00,
  0xe4, 0xfb, 0xff, 0xff, 0x08, 0x00, 0x00, 0x00, 0x08, 0x01, 0x00, 0x00, 0x20, 0x00, 0x00, 0x00,
  0x00, 0x00, 0x00, 0x00, 0x00, 0x00, 0x00, 0x00, 0x00, 0x00, 0x00, 0x00, 0x00, 0x00, 0x00, 0x00,
  0x00, 0x00, 0x00, 0x00, 0x00, 0x00, 0x00, 0x00, 0x00, 0x00, 0x00, 0x00, 0x00, 0x00, 0x00, 0x00,
  0x00, 0x00, 0x00, 0x00, 0x00, 0x00, 0x00, 0x00, 0x00, 0x00, 0x00, 0x00, 0x00, 0x00, 0x00, 0x00,
  0x00, 0x00, 0x00, 0x00, 0x00, 0x00, 0x00, 0x00, 0x00, 0x00, 0x00, 0x00, 0x00, 0x00, 0x00, 0x00,
  0x00, 0x00, 0x00, 0x00, 0x00, 0x00, 0x00, 0x00, 0x00, 0x00, 0x00, 0x00, 0x00, 0x00, 0x00, 0x00,
  0x00, 0x00, 0x00, 0x00, 0x00, 0x00, 0x00, 0x00, 0x00, 0x00, 0x00, 0x00, 0x00, 0x00, 0x00, 0x00,
  0x00, 0x00, 0x00, 0x00, 0x00, 0x00, 0x00, 0x00, 0x00, 0x00, 0x00, 0x00, 0x00, 0x00, 0x00, 0x00,
  0x00, 0x00, 0x00, 0x00, 0x00, 0x00, 0x00, 0x00, 0x00, 0x00, 0x00, 0x00, 0x00, 0x00, 0x00, 0x00,
  0x00, 0x00, 0x00, 0x00, 0x00, 0x00, 0x00, 0x00, 0x00, 0x00, 0x00, 0x00, 0x00, 0x00, 0x00, 0x00,
  0x00, 0x00, 0x00, 0x00, 0x00, 0x00, 0x00, 0x00, 0x00, 0x00, 0x00, 0x00, 0x00, 0x00, 0x00, 0x00,
  0x00, 0x00, 0x00, 0x00, 0x00, 0x00, 0x00, 0x00, 0x00, 0x00, 0x00, 0x00, 0x00, 0x00, 0x00, 0x00,
  0x00, 0x00, 0x00, 0x00, 0x00, 0x00, 0x00, 0x00, 0x00, 0x00, 0x00, 0x00, 0x00, 0x00, 0x00, 0x00,
  0x00, 0x00, 0x00, 0x00, 0x00, 0x00, 0x00, 0x00, 0x00, 0x00, 0x00, 0x00, 0x00, 0x00, 0x00, 0x00,
  0x00, 0x00, 0x00, 0x00, 0x00, 0x00, 0x00, 0x00, 0x00, 0x00, 0x00, 0x00, 0x00, 0x00, 0x00, 0x00,
  0x00, 0x00, 0x00, 0x00, 0x00, 0x00, 0x00, 0x00, 0x00, 0x00, 0x00, 0x00, 0x00, 0x00, 0x00, 0x00,
  0x00, 0x00, 0x00, 0x00, 0x00, 0x00, 0x00, 0x00, 0x00, 0x00, 0x00, 0x00, 0x00, 0x00, 0x00, 0x00,
  0x20, 0x00, 0x00, 0x00, 0x8a, 0x53, 0x1a, 0x39, 0x92, 0xe1, 0x4c, 0x38, 0xfb, 0xfd, 0x50, 0x38,
  0x45, 0xe4, 0xb5, 0x38, 0x36, 0x07, 0x03, 0x38, 0x47, 0xb0, 0xdb, 0x38, 0x43, 0x49, 0xa6, 0x38,
  0x2a, 0xaf, 0x52, 0x38, 0xe5, 0x09, 0xcf, 0x37, 0xcd, 0xd3, 0x4b, 0x38, 0xb2, 0x31, 0x0b, 0x38,
  0x94, 0xfb, 0x43, 0x38, 0xb1, 0x21, 0x2e, 0x38, 0x1e, 0xb8, 0x10, 0x38, 0x4a, 0xdd, 0xad, 0x38,
  0x9b, 0x7e, 0x5d, 0x39, 0x95, 0xf7, 0xde, 0x38, 0xa1, 0xf4, 0x6d, 0x39, 0x10, 0x5e, 0x28, 0x39,
  0xaa, 0xf7, 0x31, 0x39, 0xe5, 0x26, 0xaf, 0x38, 0x77, 0xda, 0x53, 0x38, 0x1a, 0x9b, 0x1f, 0x38,
  0xe6, 0xc5, 0x6f, 0x38, 0x91, 0x77, 0x13, 0x39, 0xe9, 0x72, 0x94, 0x38, 0x9b, 0x00, 0x41, 0x39,
  0x16, 0x87, 0xaa, 0x38, 0x29, 0xa5, 0x79, 0x38, 0x5b, 0xe8, 0x94, 0x38, 0x6b, 0xea, 0x50, 0x38,
  0x19, 0x64, 0x5d, 0x38, 0x12, 0x00, 0x00, 0x00, 0x74, 0x66, 0x6c, 0x2e, 0x70, 0x73, 0x65, 0x75,
  0x64, 0x6f, 0x5f, 0x71, 0x63, 0x6f, 0x6e, 0x73, 0x74, 0x36, 0x00, 0x00, 0x01, 0x00, 0x00, 0x00,
  0x20, 0x00, 0x00, 0x00, 0xca, 0xfd, 0xff, 0xff, 0x00, 0x00, 0x00, 0x01, 0x14, 0x00, 0x00, 0x00,
  0xa8, 0x01, 0x00, 0x00, 0x02, 0x00, 0x00, 0x00, 0x00, 0x00, 0x00, 0x09, 0x08, 0x02, 0x00, 0x00,
  0xb4, 0xfd, 0xff, 0xff, 0x08, 0x00, 0x00, 0x00, 0x0c, 0x01, 0x00, 0x00, 0x20, 0x00, 0x00, 0x00,
  0x00, 0x00, 0x00, 0x00, 0x00, 0x00, 0x00, 0x00, 0x00, 0x00, 0x00, 0x00, 0x00, 0x00, 0x00, 0x00,
  0x00, 0x00, 0x00, 0x00, 0x00, 0x00, 0x00, 0x00, 0x00, 0x00, 0x00, 0x00, 0x00, 0x00, 0x00, 0x00,
  0x00, 0x00, 0x00, 0x00, 0x00, 0x00, 0x00, 0x00, 0x00, 0x00, 0x00, 0x00, 0x00, 0x00, 0x00, 0x00,
  0x00, 0x00, 0x00, 0x00, 0x00, 0x00, 0x00, 0x00, 0x00, 0x00, 0x00, 0x00, 0x00, 0x00, 0x00, 0x00,
  0x00, 0x00, 0x00, 0x00, 0x00, 0x00, 0x00, 0x00, 0x00, 0x00, 0x00, 0x00, 0x00, 0x00, 0x00, 0x00,
  0x00, 0x00, 0x00, 0x00, 0x00, 0x00, 0x00, 0x00, 0x00, 0x00, 0x00, 0x00, 0x00, 0x00, 0x00, 0x00,
  0x00, 0x00, 0x00, 0x00, 0x00, 0x00, 0x00, 0x00, 0x00, 0x00, 0x00, 0x00, 0x00, 0x00, 0x00, 0x00,
  0x00, 0x00, 0x00, 0x00, 0x00, 0x00, 0x00, 0x00, 0x00, 0x00, 0x00, 0x00, 0x00, 0x00, 0x00, 0x00,
  0x00, 0x00, 0x00, 0x00, 0x00, 0x00, 0x00, 0x00, 0x00, 0x00, 0x00, 0x00, 0x00, 0x00, 0x00, 0x00,
  0x00, 0x00, 0x00, 0x00, 0x00, 0x00, 0x00, 0x00, 0x00, 0x00, 0x00, 0x00, 0x00, 0x00, 0x00, 0x00,
  0x00, 0x00, 0x00, 0x00, 0x00, 0x00, 0x00, 0x00, 0x00, 0x00, 0x00, 0x00, 0x00, 0x00, 0x00, 0x00,
  0x00, 0x00, 0x00, 0x00, 0x00, 0x00, 0x00, 0x00, 0x00, 0x00, 0x00, 0x00, 0x00, 0x00, 0x00, 0x00,
  0x00, 0x00, 0x00, 0x00, 0x00, 0x00, 0x00, 0x00, 0x00, 0x00, 0x00, 0x00, 0x00, 0x00, 0x00, 0x00,
  0x00, 0x00, 0x00, 0x00, 0x00, 0x00, 0x00, 0x00, 0x00, 0x00, 0x00, 0x00, 0x00, 0x00, 0x00, 0x00,
  0x00, 0x00, 0x00, 0x00, 0x00, 0x00, 0x00, 0x00, 0x00, 0x00, 0x00, 0x00, 0x00, 0x00, 0x00, 0x00,
  0x00, 0x00, 0x00, 0x00, 0x00, 0x00, 0x00, 0x00, 0x00, 0x00, 0x00, 0x00, 0x00, 0x00, 0x00, 0x00,
  0x00, 0x00, 0x00, 0x00, 0x20, 0x00, 0x00, 0x00, 0x2c, 0x5b, 0xcc, 0x3a, 0x63, 0xa6, 0x07, 0x3a,
  0x2e, 0x5f, 0x0a, 0x3a, 0x91, 0xdb, 0x70, 0x3a, 0x51, 0x81, 0xad, 0x39, 0x2e, 0x74, 0x91, 0x3a,
  0x73, 0x31, 0x5c, 0x3a, 0xfc, 0x7d, 0x0b, 0x3a, 0x14, 0x14, 0x89, 0x39, 0xc6, 0xf3, 0x06, 0x3a,
  0x7f, 0x51, 0xb8, 0x39, 0x26, 0xc2, 0x01, 0x3a, 0xfa, 0x94, 0xe6, 0x39, 0x73, 0xa2, 0xbf, 0x39,
  0x65, 0x3a, 0x66, 0x3a, 0x49, 0xa6, 0x12, 0x3b, 0xe0, 0x9f, 0x93, 0x3a, 0x5a, 0x8c, 0x1d, 0x3b,
  0xf9, 0xf2, 0xde, 0x3a, 0x48, 0xa9, 0xeb, 0x3a, 0xdb, 0xee, 0x67, 0x3a, 0x26, 0x44, 0x0c, 0x3a,
  0xe2, 0x58, 0xd3, 0x39, 0x67, 0xc0, 0x1e, 0x3a, 0xf1, 0x45, 0xc3, 0x3a, 0xc5, 0x92, 0x44, 0x3a,
  0xfc, 0x91, 0xff, 0x3a, 0x46, 0xcf, 0x61, 0x3a, 0xae, 0x49, 0x25, 0x3a, 0x4a, 0x2e, 0x45, 0x3a,
  0x3a, 0x52, 0x0a, 0x3a, 0xbc, 0x94, 0x12, 0x3a, 0x65, 0x00, 0x00, 0x00, 0x6d, 0x6f, 0x64, 0x65,
  0x6c, 0x5f, 0x31, 0x2f, 0x71, 0x75, 0x61, 0x6e, 0x74, 0x5f, 0x63, 0x6f, 0x6e, 0x76, 0x32, 0x64,
  0x5f, 0x34, 0x2f, 0x43, 0x6f, 0x6e, 0x76, 0x32, 0x44, 0x3b, 0x6d, 0x6f, 0x64, 0x65, 0x6c, 0x5f,
  0x31, 0x2f, 0x71, 0x75, 0x61, 0x6e, 0x74, 0x5f, 0x63, 0x6f, 0x6e, 0x76, 0x32, 0x64, 0x5f, 0x34,
  0x2f, 0x4c, 0x61, 0x73, 0x74, 0x56, 0x61, 0x6c, 0x75, 0x65, 0x51, 0x75, 0x61, 0x6e, 0x74, 0x2f,
  0x46, 0x61, 0x6b, 0x65, 0x51, 0x75, 0x61, 0x6e, 0x74, 0x57, 0x69, 0x74, 0x68, 0x4d, 0x69, 0x6e,
  0x4d, 0x61, 0x78, 0x56, 0x61, 0x72, 0x73, 0x50, 0x65, 0x72, 0x43, 0x68, 0x61, 0x6e, 0x6e, 0x65,
  0x6c, 0x00, 0x00, 0x00, 0x04, 0x00, 0x00, 0x00, 0x20, 0x00, 0x00, 0x00, 0x04, 0x00, 0x00, 0x00,
  0x04, 0x00, 0x00, 0x00, 0x01, 0x00, 0x00, 0x00, 0x00, 0x00, 0x16, 0x00, 0x1c, 0x00, 0x18, 0x00,
  0x17, 0x00, 0x10, 0x00, 0x0c, 0x00, 0x08, 0x00, 0x00, 0x00, 0x00, 0x00, 0x00, 0x00, 0x07, 0x00,
  0x16, 0x00, 0x00, 0x00, 0x00, 0x00, 0x00, 0x01, 0x20, 0x00, 0x00, 0x00, 0x3c, 0x00, 0x00, 0x00,
  0x01, 0x00, 0x00, 0x00, 0x00, 0x00, 0x00, 0x09, 0x50, 0x00, 0x00, 0x00, 0x0c, 0x00, 0x0c, 0x00,
  0x00, 0x00, 0x00, 0x00, 0x08, 0x00, 0x04, 0x00, 0x0c, 0x00, 0x00, 0x00, 0x08, 0x00, 0x00, 0x00,
  0x10, 0x00, 0x00, 0x00, 0x01, 0x00, 0x00, 0x00, 0x12, 0x00, 0x00, 0x00, 0x00, 0x00, 0x00, 0x00,
  0x01, 0x00, 0x00, 0x00, 0xb0, 0x53, 0xc1, 0x3d, 0x19, 0x00, 0x00, 0x00, 0x73, 0x65, 0x72, 0x76,
  0x69, 0x6e, 0x67, 0x5f, 0x64, 0x65, 0x66, 0x61, 0x75, 0x6c, 0x74, 0x5f, 0x69, 0x6e, 0x70, 0x75,
  0x74, 0x5f, 0x32, 0x3a, 0x30, 0x00, 0x00, 0x00, 0x04, 0x00, 0x00, 0x00, 0x01, 0x00, 0x00, 0x00,
  0x31, 0x00, 0x00, 0x00, 0x28, 0x00, 0x00, 0x00, 0x01, 0x00, 0x00, 0x00, 0x05, 0x00, 0x00, 0x00,
  0x68, 0x00, 0x00, 0x00, 0x48, 0x00, 0x00, 0x00, 0x34, 0x00, 0x00, 0x00, 0x24, 0x00, 0x00, 0x00,
  0x04, 0x00, 0x00, 0x00, 0xb8, 0xff, 0xff, 0xff, 0x09, 0x00, 0x00, 0x00, 0x04, 0x00, 0x00, 0x00,
  0x00, 0x00, 0x00, 0x09, 0x0c, 0x00, 0x0c, 0x00, 0x0b, 0x00, 0x00, 0x00, 0x00, 0x00, 0x04, 0x00,
  0x0c, 0x00, 0x00, 0x00, 0x72, 0x00, 0x00, 0x00, 0x00, 0x00, 0x00, 0x72, 0xe0, 0xff, 0xff, 0xff,
  0x01, 0x00, 0x00, 0x00, 0x02, 0x00, 0x00, 0x00, 0x00, 0x00, 0x00, 0x01, 0xf0, 0xff, 0xff, 0xff,
  0x04, 0x00, 0x00, 0x00, 0x03, 0x00, 0x00, 0x00, 0x00, 0x00, 0x00, 0x04, 0x0c, 0x00, 0x10, 0x00,
  0x0f, 0x00, 0x00, 0x00, 0x08, 0x00, 0x04, 0x00, 0x0c, 0x00, 0x00, 0x00, 0x03, 0x00, 0x00, 0x00,
  0x03, 0x00, 0x00, 0x00, 0x00, 0x00, 0x00, 0x03,
};

static const unsigned int g_kws_model_len = 16808;
